NUMERO_DOCUMENTO,EMAIL,NOMBRE,TIPO_DOCUMENTO,ROL
900000,Nehru@lobortis.gov,Willa Henson,C.C,RecepcionistaIPS
900001,Carol@ut.org,Katell Peters,T.I,RecepcionistaIPS
900002,Callie@id.org,Portia Mcmillan,C.E,RecepcionistaIPS
900003,Emery@convallis.gov,Rooney Dean,C.E,RecepcionistaIPS
900004,Fleur@diam.gov,Jameson Monroe,C.E,RecepcionistaIPS
900005,Karyn@augue.us,Aphrodite Melendez,C.E,RecepcionistaIPS
900006,Clarke@Fusce.org,Ryan Fischer,C.E,RecepcionistaIPS
900007,Zeph@sagittis.net,Reese Strong,C.E,RecepcionistaIPS
900008,Cole@Sed.net,Guy Clarke,C.C,RecepcionistaIPS
900009,Knox@imperdiet.gov,Judah Holcomb,C.E,RecepcionistaIPS
900010,Brenda@taciti.org,Melyssa Bonner,T.I,RecepcionistaIPS
900011,Isaiah@facilisis.gov,Yvonne Michael,C.E,RecepcionistaIPS
900012,Pearl@In.us,Francesca Buck,C.E,RecepcionistaIPS
900013,Thane@Aliquam.edu,Mona Cohen,C.C,RecepcionistaIPS
900014,Arthur@ante.com,Lacy Buck,C.E,RecepcionistaIPS
900015,Lyle@sit.us,Darrel Barron,C.E,RecepcionistaIPS
900016,Shad@ipsum.org,Jerry Mcdonald,C.C,RecepcionistaIPS
900017,Rana@In.net,Zeus Jacobs,C.E,RecepcionistaIPS
900018,Keefe@lobortis.net,Vladimir Hodges,C.C,RecepcionistaIPS
900019,Beau@senectus.org,Mona Wong,T.I,RecepcionistaIPS
900020,Desirae@Aenean.org,Ivan Matthews,C.E,RecepcionistaIPS
900021,Lani@elit.com,Imelda Gilbert,C.E,RecepcionistaIPS
900022,Ian@hymenaeos.us,Nelle Adams,C.E,RecepcionistaIPS
900023,Kylan@accumsan.org,Silas Mccall,C.E,RecepcionistaIPS
900024,Murphy@velit.gov,Heather Ayers,T.I,RecepcionistaIPS
900025,Grant@Curae.us,Mannix Rodriquez,C.E,RecepcionistaIPS
900026,Abraham@lorem.gov,Carol Mathews,C.E,RecepcionistaIPS
900027,Kameko@Ut.com,Rylee Webster,C.C,RecepcionistaIPS
900028,Damian@ornare.gov,Holly Talley,C.E,RecepcionistaIPS
900029,Kasper@posuere.us,Quentin Mckinney,T.I,RecepcionistaIPS
900030,Emmanuel@Fusce.net,Dana Newman,C.C,RecepcionistaIPS
900031,Gareth@vitae.org,Basil Bowen,C.C,RecepcionistaIPS
900032,Lesley@pulvinar.edu,Dorian Bright,C.C,RecepcionistaIPS
900033,Ruth@mattis.gov,Megan Hodges,C.C,RecepcionistaIPS
900034,Meredith@mattis.com,Vera Koch,C.C,RecepcionistaIPS
900035,Mariam@quis.org,Uriel Schwartz,T.I,RecepcionistaIPS
900036,Demetrius@cursus.org,Dana Kerr,T.I,RecepcionistaIPS
900037,Zenia@ante.gov,Xanthus Blackwell,T.I,RecepcionistaIPS
900038,Inez@Phasellus.net,Clark Rich,C.C,RecepcionistaIPS
900039,Nevada@habitant.us,Gisela Klein,T.I,RecepcionistaIPS
900040,Hilary@Proin.edu,Thane Henderson,T.I,RecepcionistaIPS
900041,Tiger@inceptos.org,Rudyard Foster,T.I,RecepcionistaIPS
900042,Chloe@leo.net,Basil Berger,C.E,RecepcionistaIPS
900043,Price@metus.org,Patrick Pacheco,T.I,RecepcionistaIPS
900044,Lance@Cras.edu,Herrod Riley,C.C,RecepcionistaIPS
900045,Callie@massa.us,Lars Gilmore,T.I,RecepcionistaIPS
900046,Nora@id.gov,Dylan Aguilar,C.C,RecepcionistaIPS
900047,Anne@ullamcorper.com,Illana Wiggins,C.C,RecepcionistaIPS
900048,Illiana@Nullam.org,Ebony Mcdonald,C.E,RecepcionistaIPS
900049,Calvin@sodales.edu,Lawrence Bolton,C.C,RecepcionistaIPS
900050,Steven@mi.com,Mannix Pittman,T.I,RecepcionistaIPS
900051,Hilda@felis.com,Grace Hodges,C.E,RecepcionistaIPS
900052,Karly@amet.com,Madeline Kane,T.I,RecepcionistaIPS
900053,Whilemina@Nunc.org,Norman Kelley,C.E,RecepcionistaIPS
900054,Beck@auctor.org,Angela Bruce,T.I,RecepcionistaIPS
900055,Burton@ultricies.org,Emerald Sanchez,C.C,RecepcionistaIPS
900056,Althea@libero.net,Logan Harding,T.I,RecepcionistaIPS
900057,Hilary@Praesent.net,Dawn Ayers,C.C,RecepcionistaIPS
900058,Savannah@viverra.org,Keelie Puckett,C.E,RecepcionistaIPS
900059,Barrett@auctor.us,Byron Franklin,T.I,RecepcionistaIPS
900060,Kamal@netus.edu,Farrah Dotson,T.I,RecepcionistaIPS
900061,Kathleen@massa.org,Ronan Owens,C.C,RecepcionistaIPS
900062,Dorothy@sit.org,Dominic Carson,T.I,RecepcionistaIPS
900063,Zahir@bibendum.edu,Lillith Byers,T.I,RecepcionistaIPS
900064,Eugenia@Mauris.com,Calvin Bradshaw,T.I,RecepcionistaIPS
900065,Ferris@euismod.us,Dorian Glover,C.C,RecepcionistaIPS
900066,Amy@rutrum.com,MacKensie Dejesus,C.C,RecepcionistaIPS
900067,Mercedes@risus.org,Drake Ochoa,T.I,RecepcionistaIPS
900068,Mary@ac.net,Karleigh Kim,T.I,RecepcionistaIPS
900069,Serena@porttitor.gov,Eugenia Banks,C.C,RecepcionistaIPS
900070,Garth@Duis.org,Nathan Cash,C.C,RecepcionistaIPS
900071,Sarah@litora.net,Brian Hendricks,C.C,RecepcionistaIPS
900072,Ulysses@ac.com,Marah Peterson,C.E,RecepcionistaIPS
900073,Amy@magna.com,Quin Castillo,T.I,RecepcionistaIPS
900074,Chester@primis.com,Graiden Salinas,C.E,RecepcionistaIPS
900075,Remedios@inceptos.edu,Scarlet Roach,C.E,RecepcionistaIPS
900076,Alyssa@lacinia.org,Kimberley Buckner,C.C,RecepcionistaIPS
900077,Amethyst@Cum.us,Wade Bean,T.I,RecepcionistaIPS
900078,Aiko@Donec.us,Marvin Bonner,C.E,RecepcionistaIPS
900079,Alisa@felis.gov,Audra Patrick,C.E,RecepcionistaIPS
900080,Petra@tristique.edu,Keegan Craft,T.I,RecepcionistaIPS
900081,Yoko@molestie.org,Keiko Dillon,T.I,RecepcionistaIPS
900082,Athena@egestas.edu,Ebony Foster,C.E,RecepcionistaIPS
900083,Odessa@iaculis.gov,Andrew Sullivan,C.E,RecepcionistaIPS
900084,Clayton@taciti.gov,Lavinia Hawkins,C.E,RecepcionistaIPS
900085,Leonard@cubilia.us,Nyssa Bray,C.C,RecepcionistaIPS
900086,Brenden@pellentesque.gov,Alice Bowman,C.C,RecepcionistaIPS
900087,Alana@tincidunt.com,Keith Middleton,C.E,RecepcionistaIPS
900088,Kennedy@rhoncus.edu,Beatrice Stout,T.I,RecepcionistaIPS
900089,Damian@urna.edu,Julian Molina,C.E,RecepcionistaIPS
900090,Rogan@mus.gov,Carson Lynch,T.I,RecepcionistaIPS
900091,Joan@lectus.com,Cedric Nelson,C.C,RecepcionistaIPS
900092,Cadman@ligula.edu,Ursa Bullock,C.C,RecepcionistaIPS
900093,Lillith@tristique.net,Brady Conner,T.I,RecepcionistaIPS
900094,Wade@ullamcorper.edu,Damian Rose,C.E,RecepcionistaIPS
900095,Brock@sagittis.us,Drew Sloan,C.C,RecepcionistaIPS
900096,Jasmine@ligula.us,Francesca Lara,C.C,RecepcionistaIPS
900097,Jorden@nunc.gov,Susan Henry,T.I,RecepcionistaIPS
900098,Amery@vel.us,Mariam Sullivan,C.C,RecepcionistaIPS
900099,Zena@massa.edu,Shelly Mckenzie,T.I,RecepcionistaIPS
900100,Clinton@viverra.org,Walter Deleon,C.E,RecepcionistaIPS
900101,Benedict@Fusce.edu,Lee Contreras,C.C,RecepcionistaIPS
900102,Hamilton@nec.net,Shoshana Ferrell,C.C,RecepcionistaIPS
900103,Imelda@molestie.org,Fallon Cannon,T.I,RecepcionistaIPS
900104,Ignatius@Integer.com,Lucian Donovan,T.I,RecepcionistaIPS
900105,Fulton@Pellentesque.us,Jolene Mitchell,C.E,RecepcionistaIPS
900106,Raphael@dictum.us,Odysseus George,T.I,RecepcionistaIPS
900107,Mollie@augue.edu,Reuben Cooper,C.C,RecepcionistaIPS
900108,September@neque.us,David Mcclure,T.I,RecepcionistaIPS
900109,Germane@rhoncus.gov,Marny Campbell,T.I,RecepcionistaIPS
900110,Keane@a.com,Mason Joyce,C.E,RecepcionistaIPS
900111,Flynn@commodo.com,Graham Hurst,C.E,RecepcionistaIPS
900112,Leroy@tempus.gov,Iris Velasquez,C.E,RecepcionistaIPS
900113,Carly@auctor.edu,Nash Mercado,C.C,RecepcionistaIPS
900114,Hashim@sagittis.edu,Charles Sosa,T.I,RecepcionistaIPS
900115,Francesca@ad.com,Steven Johnston,C.C,RecepcionistaIPS
900116,Hayden@vehicula.org,Urielle Conrad,C.E,RecepcionistaIPS
900117,Blossom@euismod.us,Martina Mayo,C.E,RecepcionistaIPS
900118,Giselle@pretium.gov,Adara Ruiz,C.E,RecepcionistaIPS
900119,Emerson@ac.net,Kaitlin Shaw,C.C,RecepcionistaIPS
900120,Mason@sit.com,Tamekah Crosby,C.E,RecepcionistaIPS
900121,Aiko@pellentesque.gov,Rigel Morin,C.E,RecepcionistaIPS
900122,Maya@nulla.us,Todd Burke,C.E,RecepcionistaIPS
900123,Garrison@Class.org,Hop Brock,C.E,RecepcionistaIPS
900124,Sara@bibendum.us,Chaney Kim,C.C,RecepcionistaIPS
900125,Josiah@metus.gov,Burke Hunter,C.E,RecepcionistaIPS
900126,Lisandra@augue.us,Carl Rasmussen,T.I,RecepcionistaIPS
900127,Lance@scelerisque.org,Jeremy Peck,T.I,RecepcionistaIPS
900128,Madison@mattis.org,Flynn Cobb,C.C,RecepcionistaIPS
900129,Dieter@Fusce.net,Jeremy Pickett,C.C,RecepcionistaIPS
900130,Kasper@ullamcorper.net,Indigo Cannon,C.E,RecepcionistaIPS
900131,Cooper@luctus.edu,Violet Morrison,C.C,RecepcionistaIPS
900132,Quinlan@vel.com,Hop Ramirez,T.I,RecepcionistaIPS
900133,Jameson@commodo.us,Arden Schwartz,C.E,RecepcionistaIPS
900134,Dean@sit.com,Mark Mcneil,C.C,RecepcionistaIPS
900135,Brynne@vitae.com,Evan Jacobs,C.C,RecepcionistaIPS
900136,Tasha@aliquam.us,Ebony Kline,C.E,RecepcionistaIPS
900137,Igor@massa.net,Jelani Knowles,T.I,RecepcionistaIPS
900138,Denton@arcu.gov,Lev Wilkerson,C.C,RecepcionistaIPS
900139,Cedric@Proin.com,Guy Cross,C.E,RecepcionistaIPS
900140,Martin@In.net,Cassandra Schwartz,C.C,RecepcionistaIPS
900141,Robin@tincidunt.net,Bruno Salinas,C.C,RecepcionistaIPS
900142,Brady@nisl.org,Aladdin Burris,C.E,RecepcionistaIPS
900143,Edan@dui.net,Pamela Savage,C.C,RecepcionistaIPS
900144,Graham@fringilla.edu,Charity Stephens,T.I,RecepcionistaIPS
900145,Alexandra@tellus.gov,Anne Todd,C.E,RecepcionistaIPS
900146,Chandler@accumsan.org,Echo Delgado,C.E,RecepcionistaIPS
900147,Summer@id.net,Graiden Jefferson,C.E,RecepcionistaIPS
900148,Juliet@felis.gov,Brock Waters,T.I,RecepcionistaIPS
900149,Zorita@sociosqu.gov,Tarik Klein,C.C,RecepcionistaIPS
900150,Giacomo@dui.com,Bevis Randolph,T.I,RecepcionistaIPS
900151,Brody@sem.com,Bell Hudson,C.C,RecepcionistaIPS
900152,Cameron@luctus.edu,Wayne Gay,C.E,RecepcionistaIPS
900153,Gil@at.us,Linus Norman,T.I,RecepcionistaIPS
900154,Connor@habitant.edu,Garrett Whitfield,T.I,RecepcionistaIPS
900155,Quamar@tellus.gov,Amelia Branch,T.I,RecepcionistaIPS
900156,Raymond@tortor.net,Jessica Griffin,C.E,RecepcionistaIPS
900157,Aphrodite@sem.edu,Flynn Lindsay,C.C,RecepcionistaIPS
900158,Kameko@Lorem.gov,Emma Todd,C.C,RecepcionistaIPS
900159,Rajah@dapibus.net,Lillith Davidson,C.C,RecepcionistaIPS
900160,Driscoll@volutpat.com,Imani Hicks,C.C,RecepcionistaIPS
900161,Noah@ornare.org,Brynn Guerrero,C.E,RecepcionistaIPS
900162,Iola@hymenaeos.edu,Iona Lowery,C.E,RecepcionistaIPS
900163,Sacha@inceptos.us,Ruth Mcdowell,T.I,RecepcionistaIPS
900164,Colby@posuere.us,Carson Wallace,C.E,RecepcionistaIPS
900165,Cody@neque.gov,Elaine Franks,C.E,RecepcionistaIPS
900166,Zachery@justo.org,Maggy Boyle,C.C,RecepcionistaIPS
900167,Alvin@congue.com,Maryam Santana,T.I,RecepcionistaIPS
900168,Sydney@mattis.gov,Olivia Macias,T.I,RecepcionistaIPS
900169,Hayes@in.com,Montana Vaughan,C.C,RecepcionistaIPS
900170,Elliott@felis.com,Velma Espinoza,T.I,RecepcionistaIPS
900171,Adrienne@vitae.org,Samantha Clayton,C.C,RecepcionistaIPS
900172,Silas@Sed.gov,Willa Campbell,C.E,RecepcionistaIPS
900173,Kermit@inceptos.net,Craig Nicholson,T.I,RecepcionistaIPS
900174,Sean@In.edu,Lareina Mclean,C.C,RecepcionistaIPS
900175,Xanthus@lacus.edu,Reece Simpson,C.C,RecepcionistaIPS
900176,Rosalyn@auctor.net,Knox Golden,T.I,RecepcionistaIPS
900177,Patience@elementum.edu,Caldwell Klein,T.I,RecepcionistaIPS
900178,Kirk@lacus.edu,Blaze Davidson,C.C,RecepcionistaIPS
900179,Brianna@Ut.us,Brynne Bonner,T.I,RecepcionistaIPS
900180,Clementine@faucibus.net,Arsenio Zamora,C.C,RecepcionistaIPS
900181,Quynn@congue.org,Timon Mccoy,C.C,RecepcionistaIPS
900182,Basil@vulputate.edu,Nicholas Foley,T.I,RecepcionistaIPS
900183,Veda@Quisque.com,Helen Hammond,C.E,RecepcionistaIPS
900184,Castor@nunc.net,Jorden Boyle,C.E,RecepcionistaIPS
900185,Cathleen@primis.org,Sylvester Franks,C.C,RecepcionistaIPS
900186,Abdul@tortor.us,Marcia Mathis,C.E,RecepcionistaIPS
900187,Bryar@Nulla.com,Beck Farmer,C.E,RecepcionistaIPS
900188,Colby@Integer.edu,Paula Moran,T.I,RecepcionistaIPS
900189,Ronan@iaculis.us,Chantale Parrish,C.E,RecepcionistaIPS
900190,Rhona@est.org,Sara Ortiz,C.C,RecepcionistaIPS
900191,Maisie@dis.net,Rahim Carlson,C.E,RecepcionistaIPS
900192,Bethany@vel.gov,Daquan Wagner,C.E,RecepcionistaIPS
900193,Mercedes@ullamcorper.com,Hashim Ellison,C.E,RecepcionistaIPS
900194,Kasper@fringilla.net,Hall Pacheco,C.C,RecepcionistaIPS
900195,Kibo@Donec.net,Keaton Oneal,C.E,RecepcionistaIPS
900196,Myles@semper.us,Orlando Garza,C.E,RecepcionistaIPS
900197,Silas@faucibus.com,Arthur Reyes,T.I,RecepcionistaIPS
900198,Haley@montes.edu,Judith Foley,T.I,RecepcionistaIPS
900199,Tad@dignissim.com,Lacota Hubbard,T.I,RecepcionistaIPS
900200,Isaiah@ac.net,Carissa Carrillo,C.E,RecepcionistaIPS
900201,Hilel@Nullam.gov,Cairo Parsons,T.I,RecepcionistaIPS
900202,Craig@ut.gov,Lenore Martinez,C.E,RecepcionistaIPS
900203,Alea@ultrices.com,Sigourney Lyons,C.C,RecepcionistaIPS
900204,Hiroko@mattis.gov,Callie Michael,C.E,RecepcionistaIPS
900205,Aurora@blandit.net,Otto Hurst,C.E,RecepcionistaIPS
900206,Daria@natoque.edu,Lamar Tyler,C.E,RecepcionistaIPS
900207,Josiah@Proin.net,Rowan Rojas,C.C,RecepcionistaIPS
900208,Melinda@tempor.edu,Cynthia Boyer,T.I,RecepcionistaIPS
900209,Nash@Integer.com,Shaeleigh Curtis,T.I,RecepcionistaIPS
900210,Cyrus@dui.org,Damon Wiggins,T.I,RecepcionistaIPS
900211,Kibo@fames.gov,Jemima Weiss,C.E,RecepcionistaIPS
900212,Oren@montes.edu,Brynne Bryant,C.E,RecepcionistaIPS
900213,Oliver@natoque.us,Darrel Rutledge,C.E,RecepcionistaIPS
900214,Chase@facilisi.com,Jonas Lamb,T.I,RecepcionistaIPS
900215,Wyatt@aliquam.net,Henry Vincent,T.I,RecepcionistaIPS
900216,Adrian@nunc.net,Raymond Gardner,C.C,RecepcionistaIPS
900217,Tanek@augue.net,Yael Austin,C.E,RecepcionistaIPS
900218,Seth@non.net,Evelyn Black,C.E,RecepcionistaIPS
900219,Brett@habitant.net,Thaddeus Garrett,C.C,RecepcionistaIPS
900220,Bradley@auctor.edu,Ashton Maxwell,C.C,RecepcionistaIPS
900221,Rashad@eleifend.net,Isabelle Nicholson,C.C,RecepcionistaIPS
900222,Dacey@senectus.net,April Hart,T.I,RecepcionistaIPS
900223,Delilah@ultricies.edu,Chelsea Vasquez,C.E,RecepcionistaIPS
900224,Norman@sodales.com,Emi Briggs,C.C,RecepcionistaIPS
900225,Stuart@id.gov,Rina Gilmore,T.I,RecepcionistaIPS
900226,Henry@Curabitur.edu,Grady Oliver,C.C,RecepcionistaIPS
900227,Jocelyn@ut.gov,Elaine Vazquez,T.I,RecepcionistaIPS
900228,Lars@viverra.us,Brent Murray,C.C,RecepcionistaIPS
900229,Martina@Etiam.us,Colby Molina,C.C,RecepcionistaIPS
900230,Florence@eleifend.us,Britanni Bonner,C.C,RecepcionistaIPS
900231,Imogene@Curae.net,Laura Ball,T.I,RecepcionistaIPS
900232,Yardley@orci.us,Shafira Knapp,C.E,RecepcionistaIPS
900233,Graham@luctus.net,Alden Vang,T.I,RecepcionistaIPS
900234,Melodie@Vestibulum.us,Curran Newman,T.I,RecepcionistaIPS
900235,Hayes@sit.net,Ulysses Watts,T.I,RecepcionistaIPS
900236,Zia@tempus.org,Elliott Mcgee,T.I,RecepcionistaIPS
900237,Hedley@erat.edu,Ruby Morris,T.I,RecepcionistaIPS
900238,Linus@hymenaeos.com,Dorian Miller,C.C,RecepcionistaIPS
900239,Warren@Nam.org,Beverly Hayes,C.E,RecepcionistaIPS
900240,Victor@mus.us,Hilel Carver,C.C,RecepcionistaIPS
900241,Theodore@Cum.gov,Scott Jordan,C.E,RecepcionistaIPS
900242,Nora@pulvinar.com,Lucian Hurley,C.E,RecepcionistaIPS
900243,Dane@scelerisque.com,Vanna Chen,C.C,RecepcionistaIPS
900244,Amal@lacus.us,Hyacinth Moses,T.I,RecepcionistaIPS
900245,Kellie@Aliquam.com,Ciara Delaney,C.E,RecepcionistaIPS
900246,Gary@dui.com,Nola Weeks,T.I,RecepcionistaIPS
900247,Walker@non.us,Fritz Cote,T.I,RecepcionistaIPS
900248,Trevor@nascetur.com,Cairo Donovan,C.C,RecepcionistaIPS
900249,Cody@per.org,Aline Garner,C.C,RecepcionistaIPS
900250,Laith@montes.edu,Logan Barrera,C.C,RecepcionistaIPS
900251,Yuli@dolor.net,Ralph Lambert,C.C,RecepcionistaIPS
900252,Cheyenne@augue.com,Hunter Wilkinson,C.C,RecepcionistaIPS
900253,Elmo@Suspendisse.gov,Chancellor Everett,T.I,RecepcionistaIPS
900254,Tanner@porttitor.us,Kuame Gibson,C.C,RecepcionistaIPS
900255,Wing@sapien.gov,Sara Wells,C.E,RecepcionistaIPS
900256,Chester@elit.com,Wing Vargas,C.C,RecepcionistaIPS
900257,Avye@pellentesque.org,Shannon Schmidt,T.I,RecepcionistaIPS
900258,Reagan@rutrum.org,Orson Duncan,C.E,RecepcionistaIPS
900259,Ivory@odio.gov,Isadora Richard,T.I,RecepcionistaIPS
900260,Jasmine@ullamcorper.edu,Randall Blankenship,T.I,RecepcionistaIPS
900261,Theodore@condimentum.net,Bradley Peck,C.C,RecepcionistaIPS
900262,Dara@turpis.edu,Camille Blackburn,C.C,RecepcionistaIPS
900263,Avram@nisl.us,Hayden Bennett,C.C,RecepcionistaIPS
900264,Zelda@hendrerit.us,Jasper Garner,C.E,RecepcionistaIPS
900265,Azalia@ullamcorper.net,Scarlett Kelley,C.E,RecepcionistaIPS
900266,Hermione@auctor.edu,Briar Hobbs,T.I,RecepcionistaIPS
900267,Uriah@cubilia.net,Raphael Herman,C.C,RecepcionistaIPS
900268,Yetta@Duis.us,Valentine Frank,C.E,RecepcionistaIPS
900269,Jacob@placerat.com,Keaton Chan,C.C,RecepcionistaIPS
900270,Arthur@turpis.edu,Kelly Arnold,T.I,RecepcionistaIPS
900271,Noel@magna.com,Eric Floyd,T.I,RecepcionistaIPS
900272,Jonas@pellentesque.org,Aaron Baker,C.E,RecepcionistaIPS
900273,Eliana@varius.gov,Kieran Mcfadden,C.C,RecepcionistaIPS
900274,Kyla@amet.net,Moses Hawkins,T.I,RecepcionistaIPS
900275,Claudia@Lorem.org,Talon Russo,C.E,RecepcionistaIPS
900276,Lewis@ipsum.com,Brennan Bolton,C.C,RecepcionistaIPS
900277,Quinn@in.org,Aaron Mckinney,T.I,RecepcionistaIPS
900278,Harlan@interdum.org,Mallory Fulton,C.C,RecepcionistaIPS
900279,Craig@vulputate.edu,Stuart Bradley,C.C,RecepcionistaIPS
900280,Flavia@eu.com,Mari Garner,C.E,RecepcionistaIPS
900281,Tyler@pede.us,Ronan Levy,C.C,RecepcionistaIPS
900282,Burke@nonummy.edu,Brendan Cameron,C.C,RecepcionistaIPS
900283,Ebony@Class.edu,Suki Alford,C.C,RecepcionistaIPS
900284,Roary@metus.edu,Carlos Merrill,T.I,RecepcionistaIPS
900285,Tate@sodales.us,Lila Cortez,C.C,RecepcionistaIPS
900286,Zachery@purus.gov,Neil Mcdowell,C.E,RecepcionistaIPS
900287,Hermione@ultrices.gov,Idola Flynn,C.E,RecepcionistaIPS
900288,Lael@convallis.net,Hasad Wood,C.C,RecepcionistaIPS
900289,Kaseem@torquent.net,Thomas Woodard,C.C,RecepcionistaIPS
900290,Caesar@Praesent.com,Rebekah Payne,C.C,RecepcionistaIPS
900291,Aspen@dis.us,Henry Bartlett,C.C,RecepcionistaIPS
900292,Madison@facilisi.us,Hedley Ratliff,C.E,RecepcionistaIPS
900293,Harper@lobortis.net,Duncan Dejesus,T.I,RecepcionistaIPS
900294,Yoko@placerat.net,Hope Parsons,T.I,RecepcionistaIPS
900295,Martena@tempor.gov,Nicholas Workman,T.I,RecepcionistaIPS
900296,Geoffrey@Curae.org,Tad Ford,C.E,RecepcionistaIPS
900297,Kato@diam.com,Barbara Burch,C.E,RecepcionistaIPS
900298,Clare@congue.us,Solomon Gonzales,C.E,RecepcionistaIPS
900299,Carissa@turpis.gov,Graiden Mcintosh,C.E,RecepcionistaIPS
900300,Reese@In.gov,Hilel Fischer,C.C,RecepcionistaIPS
900301,Carlos@Aliquam.us,Zachary Wilkinson,T.I,RecepcionistaIPS
900302,Bradley@Etiam.org,Drew Young,T.I,RecepcionistaIPS
900303,Jamalia@iaculis.com,Macy Sparks,C.E,RecepcionistaIPS
900304,Kathleen@ullamcorper.net,Hanna Melendez,T.I,RecepcionistaIPS
900305,Desiree@posuere.org,Justin Robinson,C.C,RecepcionistaIPS
900306,Christopher@enim.edu,Serena Weeks,T.I,RecepcionistaIPS
900307,Lacy@inceptos.org,Wylie Ball,T.I,RecepcionistaIPS
900308,Naida@felis.gov,Talon Ayers,T.I,RecepcionistaIPS
900309,Raven@Pellentesque.gov,Benedict Brown,T.I,RecepcionistaIPS
900310,Troy@Donec.net,Irene Winters,T.I,RecepcionistaIPS
900311,Judith@nostra.us,Edward Atkins,C.C,RecepcionistaIPS
900312,Knox@pulvinar.org,Yvette Knight,C.C,RecepcionistaIPS
900313,Jeremy@netus.gov,Melvin Knowles,C.E,RecepcionistaIPS
900314,Noble@nonummy.org,Clayton Castaneda,T.I,RecepcionistaIPS
900315,Gay@sagittis.net,Hedwig Whitfield,T.I,RecepcionistaIPS
900316,Kuame@pulvinar.edu,Todd Howard,T.I,RecepcionistaIPS
900317,Byron@purus.us,Yeo Bray,T.I,RecepcionistaIPS
900318,Uriel@ultricies.us,Patricia Wiley,T.I,RecepcionistaIPS
900319,Zahir@est.edu,Juliet Navarro,C.C,RecepcionistaIPS
900320,Orson@tempor.us,Latifah Scott,T.I,RecepcionistaIPS
900321,Nigel@libero.gov,Malachi Ortega,C.C,RecepcionistaIPS
900322,Steel@pede.edu,Anika Carpenter,T.I,RecepcionistaIPS
900323,Margaret@euismod.edu,Ira Stokes,C.E,RecepcionistaIPS
900324,Roanna@nostra.net,Norman Burt,C.E,RecepcionistaIPS
900325,Rooney@Class.us,Alfreda Ware,C.C,RecepcionistaIPS
900326,Warren@hymenaeos.us,Tobias Lucas,T.I,RecepcionistaIPS
900327,Dara@ultricies.us,Cheyenne Hansen,C.E,RecepcionistaIPS
900328,McKenzie@Nunc.edu,Flavia Ellison,T.I,RecepcionistaIPS
900329,Lunea@fringilla.net,Anjolie Fox,C.E,RecepcionistaIPS
900330,Jasmine@lectus.org,Quon Valentine,C.E,RecepcionistaIPS
900331,Phillip@sodales.org,Paki Walsh,T.I,RecepcionistaIPS
900332,Melodie@augue.com,Kelsey Grant,T.I,RecepcionistaIPS
900333,Norman@sagittis.edu,Nicholas Compton,C.C,RecepcionistaIPS
900334,Hyatt@vulputate.us,Preston Beach,C.E,RecepcionistaIPS
900335,Scarlet@non.com,Deacon Harris,T.I,RecepcionistaIPS
900336,Illiana@non.net,Stephen Hudson,T.I,RecepcionistaIPS
900337,Brody@hendrerit.org,Kitra Frazier,T.I,RecepcionistaIPS
900338,Pandora@taciti.edu,Damian Ellison,T.I,RecepcionistaIPS
900339,David@id.gov,Thomas Huffman,C.C,RecepcionistaIPS
900340,Julie@commodo.net,Odysseus Lang,C.E,RecepcionistaIPS
900341,William@purus.gov,Sasha Austin,C.C,RecepcionistaIPS
900342,Stephanie@cubilia.com,Quintessa Leblanc,C.C,RecepcionistaIPS
900343,August@magnis.gov,Colette Dunn,C.E,RecepcionistaIPS
900344,Lewis@nonummy.net,Noble Spears,T.I,RecepcionistaIPS
900345,Preston@dis.org,Armando Gilbert,C.C,RecepcionistaIPS
900346,Rajah@quam.com,Jessica Medina,C.E,RecepcionistaIPS
900347,Beatrice@natoque.net,Kennedy Morse,T.I,RecepcionistaIPS
900348,Audra@habitant.edu,Byron Russo,C.E,RecepcionistaIPS
900349,Abraham@in.net,Malcolm Beach,C.E,RecepcionistaIPS
900350,Kimberly@nisl.us,Rashad Henson,C.E,RecepcionistaIPS
900351,Oprah@lorem.com,Bruce Phillips,T.I,RecepcionistaIPS
900352,Martena@Nunc.us,Mark Weeks,T.I,RecepcionistaIPS
900353,Yolanda@mattis.edu,Calista Wade,C.C,RecepcionistaIPS
900354,Demetrius@Pellentesque.gov,Ali Mcclure,C.E,RecepcionistaIPS
900355,Alexis@volutpat.edu,Abel Beasley,C.C,RecepcionistaIPS
900356,Breanna@erat.edu,Evelyn Valenzuela,C.C,RecepcionistaIPS
900357,Travis@commodo.us,Chancellor Noble,C.E,RecepcionistaIPS
900358,Calista@ut.org,Charde Contreras,C.E,RecepcionistaIPS
900359,Gemma@lectus.com,Fallon Fry,C.C,RecepcionistaIPS
900360,Jerome@sollicitudin.net,Brenna Mathews,C.E,RecepcionistaIPS
900361,Jonah@vulputate.com,Declan Watson,C.C,RecepcionistaIPS
900362,Lacey@commodo.us,Noelle Combs,C.E,RecepcionistaIPS
900363,Kyra@facilisis.us,Zeus Camacho,T.I,RecepcionistaIPS
900364,Uta@amet.net,Larissa Pratt,T.I,RecepcionistaIPS
900365,Tucker@adipiscing.com,Jena Benjamin,C.E,RecepcionistaIPS
900366,Hilda@mollis.us,Ryan Brock,T.I,RecepcionistaIPS
900367,Lev@Cum.com,Alexandra Sanchez,C.E,RecepcionistaIPS
900368,Tashya@ad.com,Erasmus Lee,T.I,RecepcionistaIPS
900369,Gil@eleifend.edu,Jessica Chavez,C.C,RecepcionistaIPS
900370,Constance@elit.edu,Ivor Byrd,C.E,RecepcionistaIPS
900371,Cadman@ullamcorper.net,Kelly Joyce,C.C,RecepcionistaIPS
900372,Iona@bibendum.org,Vivien Stokes,T.I,RecepcionistaIPS
900373,Drake@Aliquam.gov,Wayne Cote,T.I,RecepcionistaIPS
900374,Nola@bibendum.net,Nash Hopkins,C.E,RecepcionistaIPS
900375,Bell@tincidunt.net,Kyle Miller,T.I,RecepcionistaIPS
900376,Arsenio@Nam.edu,Emma Castillo,C.E,RecepcionistaIPS
900377,Anjolie@gravida.com,Olga Moore,C.E,RecepcionistaIPS
900378,Brynne@venenatis.org,April Sweeney,C.E,RecepcionistaIPS
900379,Tarik@vitae.com,Harper Mullins,C.C,RecepcionistaIPS
900380,Odette@feugiat.us,Ross Rivera,C.C,RecepcionistaIPS
900381,Yasir@nibh.edu,Malachi Macdonald,C.E,RecepcionistaIPS
900382,Lance@Mauris.org,Cameran Mccullough,C.C,RecepcionistaIPS
900383,Kirby@turpis.net,Justin Patterson,T.I,RecepcionistaIPS
900384,Hasad@ullamcorper.edu,Darryl Clemons,C.C,RecepcionistaIPS
900385,Porter@in.us,Deacon Dennis,T.I,RecepcionistaIPS
900386,Fulton@lacus.org,Daryl Holman,T.I,RecepcionistaIPS
900387,Brendan@suscipit.gov,Nora Simpson,C.C,RecepcionistaIPS
900388,Montana@libero.net,Jolie Wilson,C.E,RecepcionistaIPS
900389,Ferris@odio.net,Martina Lee,C.E,RecepcionistaIPS
900390,Daryl@a.net,Rahim Stone,T.I,RecepcionistaIPS
900391,Phelan@sociis.us,Mikayla Higgins,C.E,RecepcionistaIPS
900392,Chava@convallis.com,Paloma Reed,C.E,RecepcionistaIPS
900393,Winter@Etiam.org,Maisie Elliott,C.E,RecepcionistaIPS
900394,Sonia@felis.org,Vance Ryan,C.C,RecepcionistaIPS
900395,Kenneth@cursus.gov,Curran Santana,C.C,RecepcionistaIPS
900396,Yolanda@velit.edu,Libby Casey,C.E,RecepcionistaIPS
900397,Willa@laoreet.com,Ulla Patterson,C.E,RecepcionistaIPS
900398,Lawrence@et.us,Simon Nicholson,C.E,RecepcionistaIPS
900399,Iola@facilisi.org,Xaviera Irwin,C.E,RecepcionistaIPS
900400,Carson@per.gov,Vincent Taylor,C.C,RecepcionistaIPS
900401,Charissa@ligula.edu,Wesley Hatfield,T.I,RecepcionistaIPS
900402,Ross@pharetra.org,Leilani Foreman,T.I,RecepcionistaIPS
900403,Chantale@Phasellus.com,Hedwig Thompson,C.C,RecepcionistaIPS
900404,Aristotle@dui.org,Ezekiel Watson,C.E,RecepcionistaIPS
900405,Palmer@interdum.org,Quail Dejesus,T.I,RecepcionistaIPS
900406,Plato@risus.com,Kimberley Velazquez,C.C,RecepcionistaIPS
900407,Maisie@malesuada.us,Dacey Hanson,C.E,RecepcionistaIPS
900408,Nelle@Proin.gov,Larissa May,T.I,RecepcionistaIPS
900409,Chancellor@eget.org,Stephanie Noel,T.I,RecepcionistaIPS
900410,Aspen@tempor.gov,Fiona Burgess,C.C,RecepcionistaIPS
900411,Glenna@sed.com,Cain Whitfield,C.E,RecepcionistaIPS
900412,Megan@congue.us,Claire Kline,C.C,RecepcionistaIPS
900413,Kellie@Phasellus.us,Armando Hammond,T.I,RecepcionistaIPS
900414,Sebastian@Suspendisse.org,Dolan Terry,C.C,RecepcionistaIPS
900415,Chadwick@natoque.com,Kessie Guzman,T.I,RecepcionistaIPS
900416,Chaim@tempor.net,Upton Hanson,C.E,RecepcionistaIPS
900417,Yeo@Pellentesque.com,Yen Moody,C.C,RecepcionistaIPS
900418,Philip@Curae.com,Jayme Castro,C.E,RecepcionistaIPS
900419,Tate@nisl.org,Constance Larson,C.E,RecepcionistaIPS
900420,Isaiah@neque.com,Kiayada Gross,C.E,RecepcionistaIPS
900421,Allen@accumsan.org,Chiquita Wilder,C.E,RecepcionistaIPS
900422,Shana@ut.net,Timothy Cain,C.E,RecepcionistaIPS
900423,Cameron@senectus.org,Drew Ashley,C.C,RecepcionistaIPS
900424,Kane@ridiculus.edu,Ori Taylor,T.I,RecepcionistaIPS
900425,Nehru@hymenaeos.gov,Shad Frost,T.I,RecepcionistaIPS
900426,Hall@Suspendisse.gov,Guy Jensen,C.E,RecepcionistaIPS
900427,Alden@Phasellus.org,Yoko Fitzpatrick,T.I,RecepcionistaIPS
900428,Buckminster@massa.org,Haley Spence,T.I,RecepcionistaIPS
900429,Garth@inceptos.edu,Uma Vang,C.C,RecepcionistaIPS
900430,Cruz@torquent.gov,Keely Conner,C.E,RecepcionistaIPS
900431,Lesley@metus.com,Fallon Collins,C.E,RecepcionistaIPS
900432,Hashim@Cum.net,Alexis Buchanan,C.E,RecepcionistaIPS
900433,Dacey@congue.edu,Astra Acevedo,T.I,RecepcionistaIPS
900434,Nigel@sit.edu,Omar Copeland,C.E,RecepcionistaIPS
900435,Dana@litora.org,Driscoll Munoz,C.E,RecepcionistaIPS
900436,Rhiannon@scelerisque.edu,Cherokee West,T.I,RecepcionistaIPS
900437,Ryan@bibendum.gov,Tashya Mcdaniel,T.I,RecepcionistaIPS
900438,Evelyn@Fusce.com,Katelyn Hernandez,T.I,RecepcionistaIPS
900439,Jackson@imperdiet.net,Kimberley Gilmore,T.I,RecepcionistaIPS
900440,Zane@dui.edu,Emerald Salinas,C.C,RecepcionistaIPS
900441,Edward@Duis.us,Adara Brennan,C.E,RecepcionistaIPS
900442,Charles@feugiat.edu,Rachel Nielsen,C.C,RecepcionistaIPS
900443,Orla@est.org,Kerry Reeves,C.E,RecepcionistaIPS
900444,Abbot@aliquam.edu,Ivor Delacruz,T.I,RecepcionistaIPS
900445,Brielle@lacus.edu,Rama Washington,C.C,RecepcionistaIPS
900446,Alden@egestas.com,Trevor Carson,C.C,RecepcionistaIPS
900447,Porter@mus.org,Irene Sanford,C.C,RecepcionistaIPS
900448,Uma@eget.com,Fleur Jenkins,C.C,RecepcionistaIPS
900449,Myles@sit.com,Cynthia Waters,C.E,RecepcionistaIPS
900450,Palmer@facilisi.net,Nichole Chapman,C.E,RecepcionistaIPS
900451,Cheyenne@a.edu,Hiroko Beach,C.C,RecepcionistaIPS
900452,Henry@taciti.com,Tasha Holcomb,C.E,RecepcionistaIPS
900453,Lilah@tempus.edu,Keaton Goff,T.I,RecepcionistaIPS
900454,Caldwell@pulvinar.edu,Alexa Estrada,C.C,RecepcionistaIPS
900455,Ethan@mattis.net,Dennis Jacobson,C.E,RecepcionistaIPS
900456,Harper@nulla.org,Damian Hampton,C.C,RecepcionistaIPS
900457,Tiger@Maecenas.net,Leroy Chapman,C.E,RecepcionistaIPS
900458,Mari@ut.com,Florence Strickland,T.I,RecepcionistaIPS
900459,Howard@porttitor.us,Lilah Durham,C.E,RecepcionistaIPS
900460,Camilla@Lorem.net,Hamilton Oneal,T.I,RecepcionistaIPS
900461,Hammett@vulputate.gov,Dana Woodward,C.C,RecepcionistaIPS
900462,Richard@blandit.us,Tatum Fuller,C.E,RecepcionistaIPS
900463,Chaney@magna.edu,Vincent Dennis,C.E,RecepcionistaIPS
900464,Oliver@scelerisque.net,Inga Snow,C.E,RecepcionistaIPS
900465,Teagan@eleifend.gov,Robin Avila,C.E,RecepcionistaIPS
900466,Ross@placerat.net,Denton Ochoa,T.I,RecepcionistaIPS
900467,Amethyst@semper.net,Erich Larsen,C.C,RecepcionistaIPS
900468,Nigel@velit.net,Yuli Larsen,C.C,RecepcionistaIPS
900469,Baker@odio.org,Baker Cooper,C.E,RecepcionistaIPS
900470,Chloe@dolor.edu,Dieter Johnson,C.E,RecepcionistaIPS
900471,Dora@Morbi.org,Kylynn Rush,C.E,RecepcionistaIPS
900472,Cherokee@facilisis.us,Halla Ingram,C.C,RecepcionistaIPS
900473,Vincent@purus.net,Mariam Gill,C.E,RecepcionistaIPS
900474,Eaton@Vestibulum.gov,Patience Gibbs,C.C,RecepcionistaIPS
900475,Quin@metus.edu,Lesley Palmer,C.E,RecepcionistaIPS
900476,Wynter@nascetur.edu,Mercedes Turner,C.C,RecepcionistaIPS
900477,TaShya@habitant.gov,Sonya Stevenson,T.I,RecepcionistaIPS
900478,Shelley@Vivamus.us,Marshall Cortez,T.I,RecepcionistaIPS
900479,Tiger@primis.edu,Nomlanga Hernandez,T.I,RecepcionistaIPS
900480,Christopher@Quisque.us,Hadassah Buck,C.E,RecepcionistaIPS
900481,Sierra@accumsan.gov,Keegan Stone,C.E,RecepcionistaIPS
900482,Hammett@tempus.org,Sybill Wright,C.C,RecepcionistaIPS
900483,Lamar@scelerisque.com,Carlos Mccall,T.I,RecepcionistaIPS
900484,Aurelia@neque.com,Rahim Hayes,C.E,RecepcionistaIPS
900485,Hayes@consectetuer.us,Paki Price,C.E,RecepcionistaIPS
900486,Paloma@vulputate.edu,Janna Davenport,C.C,RecepcionistaIPS
900487,Grady@quam.org,Damon Coleman,C.C,RecepcionistaIPS
900488,Hamilton@blandit.gov,Amethyst Kramer,C.E,RecepcionistaIPS
900489,Quin@tempor.us,Armando Pacheco,T.I,RecepcionistaIPS
900490,Robin@molestie.net,Marah Griffin,C.C,RecepcionistaIPS
900491,Ashton@Phasellus.edu,Bianca Thompson,C.E,RecepcionistaIPS
900492,Amal@libero.org,Patricia Oneal,T.I,RecepcionistaIPS
900493,Trevor@penatibus.org,Amelia Price,C.C,RecepcionistaIPS
900494,Kaseem@fringilla.com,Curran Blair,C.E,RecepcionistaIPS
900495,Sierra@eget.us,Cameran Holt,C.C,RecepcionistaIPS
900496,Evelyn@placerat.org,Martha Hurley,C.C,RecepcionistaIPS
900497,Keane@mollis.net,Allegra Crawford,T.I,RecepcionistaIPS
900498,Mollie@convallis.gov,Steven Gillespie,C.C,RecepcionistaIPS
900499,Florence@iaculis.gov,Ian Wade,C.C,RecepcionistaIPS
900500,Oliver@purus.us,MacKenzie Pacheco,C.E,RecepcionistaIPS
900501,Chloe@pede.us,Clare Leonard,C.C,RecepcionistaIPS
900502,Nevada@tristique.com,Wallace Cannon,C.E,RecepcionistaIPS
900503,Vance@eu.com,Price Luna,T.I,RecepcionistaIPS
900504,Geoffrey@ridiculus.org,Brody Armstrong,C.E,RecepcionistaIPS
900505,Leo@scelerisque.org,Ralph Maldonado,T.I,RecepcionistaIPS
900506,Warren@pharetra.org,Amy Cole,T.I,RecepcionistaIPS
900507,Theodore@sit.us,Paki Chen,T.I,RecepcionistaIPS
900508,Colorado@pretium.gov,Amena Mcneil,T.I,RecepcionistaIPS
900509,Faith@ultrices.com,Xander Bray,C.C,RecepcionistaIPS
900510,Judah@iaculis.edu,Jelani Richmond,C.E,RecepcionistaIPS
900511,Cameron@pretium.com,Cole Hammond,C.C,RecepcionistaIPS
900512,Gary@tempor.us,Salvador Knowles,T.I,RecepcionistaIPS
900513,Suki@sollicitudin.com,Gay Quinn,C.E,RecepcionistaIPS
900514,Bryar@Ut.edu,Zachery Stanton,T.I,RecepcionistaIPS
900515,Blythe@justo.net,Kirk Burks,C.E,RecepcionistaIPS
900516,Cara@Etiam.org,Kimberly Donovan,C.C,RecepcionistaIPS
900517,Olympia@sem.org,Sylvia Watkins,C.C,RecepcionistaIPS
900518,Echo@ridiculus.gov,Amena Delacruz,C.E,RecepcionistaIPS
900519,Dante@mi.com,Zeus Whitley,C.C,RecepcionistaIPS
900520,Rhonda@amet.edu,Rhoda Knowles,C.E,RecepcionistaIPS
900521,Abraham@ut.edu,Uriah Downs,C.C,RecepcionistaIPS
900522,Quin@Sed.com,Gillian Palmer,T.I,RecepcionistaIPS
900523,Dustin@ultrices.us,Mari Greene,T.I,RecepcionistaIPS
900524,Chanda@nonummy.gov,Connor Bryant,C.C,RecepcionistaIPS
900525,Odysseus@Curae.us,Kathleen Miranda,C.C,RecepcionistaIPS
900526,Mannix@commodo.us,Meredith Hyde,C.E,RecepcionistaIPS
900527,Christen@lorem.edu,Adam Payne,T.I,RecepcionistaIPS
900528,Chester@vestibulum.org,Fulton George,C.E,RecepcionistaIPS
900529,Candace@posuere.gov,Marcia Levine,T.I,RecepcionistaIPS
900530,Xanthus@Proin.gov,Maris Hart,T.I,RecepcionistaIPS
900531,Hakeem@taciti.org,Axel Houston,T.I,RecepcionistaIPS
900532,Whitney@Curabitur.gov,Stuart Bentley,C.E,RecepcionistaIPS
900533,Geraldine@eu.gov,Vaughan Diaz,C.E,RecepcionistaIPS
900534,Alvin@suscipit.net,Hilda Leonard,C.E,RecepcionistaIPS
900535,Darrel@taciti.org,Wanda Calhoun,C.E,RecepcionistaIPS
900536,Finn@augue.gov,Kiona Olson,T.I,RecepcionistaIPS
900537,Chelsea@fermentum.org,Alfonso Clements,C.C,RecepcionistaIPS
900538,Octavius@sem.edu,Yuli Owens,C.C,RecepcionistaIPS
900539,Sophia@sociosqu.us,Tallulah Odonnell,C.C,RecepcionistaIPS
900540,Iola@fames.edu,Hamish Franklin,T.I,RecepcionistaIPS
900541,Knox@mauris.gov,Jermaine Farrell,T.I,RecepcionistaIPS
900542,Grant@pharetra.edu,Violet Livingston,T.I,RecepcionistaIPS
900543,Malik@dolor.com,Thor Lambert,C.C,RecepcionistaIPS
900544,Upton@tempus.net,Iliana Gibbs,C.C,RecepcionistaIPS
900545,Colette@tempus.gov,Glenna Bennett,C.E,RecepcionistaIPS
900546,Thomas@interdum.gov,Hilel Buckner,C.C,RecepcionistaIPS
900547,Curran@Nunc.com,Orla Trevino,C.C,RecepcionistaIPS
900548,Aaron@facilisi.edu,Ella Patton,C.E,RecepcionistaIPS
900549,Victor@molestie.edu,Haviva Delaney,T.I,RecepcionistaIPS
900550,Deanna@penatibus.us,Robin Santos,C.E,RecepcionistaIPS
900551,Nayda@viverra.net,Quail Maxwell,C.C,RecepcionistaIPS
900552,Uriah@primis.edu,Farrah Avila,C.E,RecepcionistaIPS
900553,Halee@massa.org,Ainsley Arnold,C.E,RecepcionistaIPS
900554,Shafira@Proin.gov,Mona Faulkner,C.C,RecepcionistaIPS
900555,Hunter@mus.gov,Cora Buckley,C.C,RecepcionistaIPS
900556,Vielka@laoreet.com,Jerome Fields,C.E,RecepcionistaIPS
900557,Lamar@tempus.us,Jordan Simpson,C.C,RecepcionistaIPS
900558,Grant@leo.edu,Ivana Guerrero,T.I,RecepcionistaIPS
900559,Brendan@felis.com,Kibo Lynch,C.E,RecepcionistaIPS
900560,Sigourney@nec.gov,Freya Hunter,C.E,RecepcionistaIPS
900561,Laura@tellus.edu,Shana Tanner,C.C,RecepcionistaIPS
900562,Eagan@porttitor.us,Jonah Pittman,T.I,RecepcionistaIPS
900563,Cyrus@pretium.us,Cassady Whitley,C.C,RecepcionistaIPS
900564,Quon@tellus.org,Hector Flowers,T.I,RecepcionistaIPS
900565,Farrah@neque.com,Gail Acevedo,C.E,RecepcionistaIPS
900566,Britanney@eu.edu,Reece Myers,C.E,RecepcionistaIPS
900567,Priscilla@Integer.us,Dominique Bartlett,T.I,RecepcionistaIPS
900568,Mannix@nec.edu,Joy Stanton,C.C,RecepcionistaIPS
900569,Orson@imperdiet.edu,Roth Nixon,T.I,RecepcionistaIPS
900570,Devin@semper.us,Justina Pugh,T.I,RecepcionistaIPS
900571,Cameran@mus.org,Raymond Hamilton,C.C,RecepcionistaIPS
900572,Grant@primis.us,Keefe Zimmerman,T.I,RecepcionistaIPS
900573,Hilary@tincidunt.com,Howard Nieves,T.I,RecepcionistaIPS
900574,Nichole@dignissim.us,Gloria Mcintyre,C.C,RecepcionistaIPS
900575,Quamar@ultrices.gov,Rylee Morrow,T.I,RecepcionistaIPS
900576,Uriah@a.org,Scarlett Knight,C.C,RecepcionistaIPS
900577,Fuller@condimentum.edu,Irma Oneil,C.E,RecepcionistaIPS
900578,Peter@massa.org,Kieran Fletcher,C.C,RecepcionistaIPS
900579,Madison@at.net,April Copeland,C.E,RecepcionistaIPS
900580,Wanda@mus.us,Kai Baird,T.I,RecepcionistaIPS
900581,Blake@netus.com,Chandler Valenzuela,C.C,RecepcionistaIPS
900582,Jacob@elit.net,Frances Hendrix,C.E,RecepcionistaIPS
900583,Zephania@bibendum.us,Alden Oliver,C.E,RecepcionistaIPS
900584,Jane@rhoncus.us,Venus Becker,C.C,RecepcionistaIPS
900585,Rama@fames.edu,Evelyn Oneal,C.E,RecepcionistaIPS
900586,Martina@nostra.gov,Lee Glover,C.E,RecepcionistaIPS
900587,Phillip@id.us,Amelia Figueroa,C.C,RecepcionistaIPS
900588,Hoyt@dignissim.com,Karleigh Pierce,T.I,RecepcionistaIPS
900589,Levi@ullamcorper.org,Merrill Sanders,C.E,RecepcionistaIPS
900590,Blythe@Morbi.com,Quinlan Diaz,C.E,RecepcionistaIPS
900591,Shana@lacus.net,Rylee Gilliam,C.C,RecepcionistaIPS
900592,Xenos@sapien.edu,Alika Huff,C.E,RecepcionistaIPS
900593,Keefe@placerat.net,Murphy Gallagher,T.I,RecepcionistaIPS
900594,Elmo@pede.gov,Laith Santana,C.C,RecepcionistaIPS
900595,Laurel@non.net,Chiquita Tran,C.E,RecepcionistaIPS
900596,Dai@dictum.edu,Brennan Mcdowell,C.C,RecepcionistaIPS
900597,Xena@nibh.us,Neville Taylor,C.C,RecepcionistaIPS
900598,Damian@venenatis.org,Kadeem Martinez,C.E,RecepcionistaIPS
900599,Quyn@Nulla.com,Myles Porter,T.I,RecepcionistaIPS
900600,Calvin@ipsum.us,Xyla Lester,C.C,RecepcionistaIPS
900601,Bruce@lorem.net,Bertha Odom,T.I,RecepcionistaIPS
900602,Theodore@at.edu,Oprah Murray,C.C,RecepcionistaIPS
900603,Amethyst@Curae.com,Levi Marsh,T.I,RecepcionistaIPS
900604,Mikayla@ut.org,Danielle Howell,T.I,RecepcionistaIPS
900605,Pamela@ante.us,Janna Holcomb,C.C,RecepcionistaIPS
900606,Demetrius@per.us,Jael Stark,C.E,RecepcionistaIPS
900607,Timothy@mi.org,Mark Bennett,C.C,RecepcionistaIPS
900608,Zahir@dui.com,Medge Ryan,C.E,RecepcionistaIPS
900609,Candace@volutpat.com,Christen Simon,C.C,RecepcionistaIPS
900610,Kelly@Maecenas.edu,Adele Wall,C.C,RecepcionistaIPS
900611,Bethany@Integer.gov,Marsden Weiss,C.E,RecepcionistaIPS
900612,Orson@pretium.us,Ivana Rivas,C.E,RecepcionistaIPS
900613,Randall@sed.com,Ethan Pace,C.E,RecepcionistaIPS
900614,Forrest@porta.org,Ivory Quinn,C.C,RecepcionistaIPS
900615,Aimee@Vestibulum.us,Richard Sargent,C.C,RecepcionistaIPS
900616,Colton@amet.edu,Tashya Dyer,T.I,RecepcionistaIPS
900617,Candice@congue.us,Lionel Stark,C.C,RecepcionistaIPS
900618,Wynter@at.us,Cora Thomas,T.I,RecepcionistaIPS
900619,Abbot@Suspendisse.com,Illana Wade,T.I,RecepcionistaIPS
900620,Claudia@mattis.com,Adara Salinas,C.E,RecepcionistaIPS
900621,Tasha@ligula.com,Teegan Combs,C.E,RecepcionistaIPS
900622,Christine@at.com,Asher Alexander,C.C,RecepcionistaIPS
900623,Desiree@blandit.net,Salvador Serrano,C.E,RecepcionistaIPS
900624,Jasmine@dictum.com,Rafael Mathews,C.E,RecepcionistaIPS
900625,Noah@feugiat.us,Evangeline Deleon,C.C,RecepcionistaIPS
900626,Ian@sodales.edu,Alvin Park,C.E,RecepcionistaIPS
900627,Regina@consectetuer.org,Cameron Ramsey,T.I,RecepcionistaIPS
900628,Margaret@fermentum.edu,Armand Atkinson,C.E,RecepcionistaIPS
900629,Xander@ipsum.edu,Lucy Butler,T.I,RecepcionistaIPS
900630,Dean@varius.us,Althea Goff,C.C,RecepcionistaIPS
900631,Tanek@semper.us,Xavier Reyes,T.I,RecepcionistaIPS
900632,Bert@enim.gov,Yael Hood,C.C,RecepcionistaIPS
900633,Aladdin@et.net,Candice Rogers,T.I,RecepcionistaIPS
900634,Marvin@tincidunt.net,Bruce Michael,C.C,RecepcionistaIPS
900635,Ivor@consequat.edu,Nero Mejia,C.C,RecepcionistaIPS
900636,Tasha@tortor.edu,Raphael White,T.I,RecepcionistaIPS
900637,Martena@fames.edu,Damon Odom,T.I,RecepcionistaIPS
900638,Caryn@vel.com,Sydney Stanley,C.C,RecepcionistaIPS
900639,Walter@cursus.net,Hermione Hammond,C.C,RecepcionistaIPS
900640,Candice@pellentesque.net,Indira Becker,C.E,RecepcionistaIPS
900641,Lucy@cursus.edu,Laith Valencia,C.C,RecepcionistaIPS
900642,Justin@adipiscing.org,Kasper Sosa,C.C,RecepcionistaIPS
900643,Chantale@scelerisque.com,Linus Boyle,C.E,RecepcionistaIPS
900644,Mohammad@ornare.us,Yasir Key,C.C,RecepcionistaIPS
900645,George@blandit.gov,Macon Burgess,C.C,RecepcionistaIPS
900646,Mannix@dis.org,Garth Petty,T.I,RecepcionistaIPS
900647,Mannix@hendrerit.net,Palmer Cantu,C.E,RecepcionistaIPS
900648,Samson@dignissim.com,Edward Lowery,C.C,RecepcionistaIPS
900649,Murphy@tristique.us,Ann Harrell,C.C,RecepcionistaIPS
900650,Alvin@ridiculus.org,Sawyer Sellers,C.C,RecepcionistaIPS
900651,Ferris@aptent.us,Judith Beck,C.E,RecepcionistaIPS
900652,Prescott@ultricies.edu,Hayfa Day,C.C,RecepcionistaIPS
900653,Jerome@Duis.us,Philip Huffman,C.C,RecepcionistaIPS
900654,Aaron@torquent.edu,Yael Kirkland,C.E,RecepcionistaIPS
900655,Nelle@dignissim.net,Brady Vinson,T.I,RecepcionistaIPS
900656,Talon@ac.net,Melanie Benton,T.I,RecepcionistaIPS
900657,Sydney@id.net,Nathaniel Rivas,T.I,RecepcionistaIPS
900658,Audrey@gravida.gov,Lysandra Cohen,C.C,RecepcionistaIPS
900659,Lamar@penatibus.com,Stacy May,C.E,RecepcionistaIPS
900660,Blossom@ac.net,Clark Graves,C.E,RecepcionistaIPS
900661,Sydney@gravida.us,Aquila Knapp,C.C,RecepcionistaIPS
900662,Hanna@facilisi.org,Ruth Pitts,C.C,RecepcionistaIPS
900663,Slade@dapibus.net,Imogene Cash,C.E,RecepcionistaIPS
900664,Nathaniel@sed.gov,Cameron Ewing,C.E,RecepcionistaIPS
900665,Salvador@condimentum.us,Laura Barker,C.C,RecepcionistaIPS
900666,Savannah@aptent.us,Hashim Gregory,C.C,RecepcionistaIPS
900667,Colin@Integer.us,Wing Tyson,C.C,RecepcionistaIPS
900668,Jescie@Nullam.edu,Imogene Bass,T.I,RecepcionistaIPS
900669,Ulric@varius.us,Dorian Blair,T.I,RecepcionistaIPS
900670,Iona@vel.gov,Aurelia Bush,T.I,RecepcionistaIPS
900671,Olympia@netus.net,Carl Cain,C.E,RecepcionistaIPS
900672,Sydney@litora.gov,Wyatt Nunez,C.C,RecepcionistaIPS
900673,Jesse@Aenean.us,Lenore Dillard,C.C,RecepcionistaIPS
900674,Sonia@eros.org,Astra England,C.C,RecepcionistaIPS
900675,Hiram@taciti.us,Kuame Lewis,C.E,RecepcionistaIPS
900676,Chantale@congue.com,Rudyard Hardin,C.C,RecepcionistaIPS
900677,Roanna@Nam.org,Bethany Black,C.C,RecepcionistaIPS
900678,Cyrus@nisl.us,Colby Hamilton,C.C,RecepcionistaIPS
900679,Orlando@dapibus.org,Timothy Roy,T.I,RecepcionistaIPS
900680,Abraham@orci.org,Tanya Ewing,C.C,RecepcionistaIPS
900681,Eagan@luctus.gov,Vernon Stephenson,C.E,RecepcionistaIPS
900682,Baxter@mi.com,Ifeoma Ewing,T.I,RecepcionistaIPS
900683,Baxter@mus.net,Amela Cole,T.I,RecepcionistaIPS
900684,Leigh@montes.com,Zeph Cameron,C.E,RecepcionistaIPS
900685,Darryl@mi.gov,Megan Phillips,C.E,RecepcionistaIPS
900686,Porter@ad.gov,Travis Sanders,C.E,RecepcionistaIPS
900687,Gail@Aenean.gov,Germane Beach,T.I,RecepcionistaIPS
900688,Levi@ultricies.net,Reuben Mcdowell,C.E,RecepcionistaIPS
900689,Abraham@interdum.org,Debra Figueroa,C.E,RecepcionistaIPS
900690,Jennifer@semper.edu,Vladimir Gonzalez,C.E,RecepcionistaIPS
900691,Arthur@penatibus.us,Marshall Matthews,C.E,RecepcionistaIPS
900692,Jerome@Sed.edu,Lucius Orr,T.I,RecepcionistaIPS
900693,Stephanie@per.org,Rigel Sparks,C.E,RecepcionistaIPS
900694,Cameran@sed.net,Leigh Mckenzie,C.C,RecepcionistaIPS
900695,Lionel@malesuada.gov,Maxwell Frazier,C.E,RecepcionistaIPS
900696,Linus@Maecenas.org,Ivan Savage,T.I,RecepcionistaIPS
900697,Robert@dignissim.edu,Pandora Valencia,C.C,RecepcionistaIPS
900698,Patrick@massa.us,Edan Alford,T.I,RecepcionistaIPS
900699,Meredith@faucibus.net,Dolan Richard,T.I,RecepcionistaIPS
900700,Rinah@adipiscing.us,Wanda Tyler,C.C,RecepcionistaIPS
900701,Cleo@luctus.net,Kessie Velasquez,C.C,RecepcionistaIPS
900702,Dale@vehicula.com,Thor Newman,T.I,RecepcionistaIPS
900703,Rudyard@felis.edu,Deanna Klein,T.I,RecepcionistaIPS
900704,Ryder@taciti.edu,Quyn Hendricks,C.E,RecepcionistaIPS
900705,George@Proin.us,Lesley Chang,C.E,RecepcionistaIPS
900706,Channing@Nulla.us,Cynthia Woods,C.C,RecepcionistaIPS
900707,Hunter@elit.org,Murphy Hinton,C.C,RecepcionistaIPS
900708,Brady@fringilla.net,Dalton Sandoval,C.C,RecepcionistaIPS
900709,Idola@nostra.org,Karina Thomas,T.I,RecepcionistaIPS
900710,Amity@Phasellus.com,Debra Rutledge,C.E,RecepcionistaIPS
900711,Grady@suscipit.us,Elton Lowery,C.E,RecepcionistaIPS
900712,Basil@turpis.com,Shannon Galloway,C.C,RecepcionistaIPS
900713,Hasad@ligula.org,Inez Tyson,T.I,RecepcionistaIPS
900714,Mannix@vulputate.org,Clayton Pope,T.I,RecepcionistaIPS
900715,Maite@parturient.org,Amity Brock,T.I,RecepcionistaIPS
900716,Keefe@velit.org,Vaughan Barnett,C.E,RecepcionistaIPS
900717,August@Fusce.edu,Vanna Watkins,C.C,RecepcionistaIPS
900718,Graiden@hymenaeos.edu,Chaim Cruz,C.E,RecepcionistaIPS
900719,Kim@quam.us,Kylie Lloyd,C.C,RecepcionistaIPS
900720,Quamar@a.net,Byron Rollins,T.I,RecepcionistaIPS
900721,Brady@dictum.us,Whilemina Floyd,C.C,RecepcionistaIPS
900722,Reed@magna.org,Samuel Mcdonald,T.I,RecepcionistaIPS
900723,Tate@a.edu,Dai Rowland,C.C,RecepcionistaIPS
900724,Damon@ultricies.com,Kitra Mclean,T.I,RecepcionistaIPS
900725,Tamekah@Aliquam.gov,Jacob Hansen,C.E,RecepcionistaIPS
900726,Kyle@nisi.us,Ryan Horne,C.C,RecepcionistaIPS
900727,Ivy@at.us,Jerome Chambers,C.C,RecepcionistaIPS
900728,Dalton@nulla.org,Octavia Patrick,C.C,RecepcionistaIPS
900729,Miranda@Aenean.edu,Phoebe Clayton,T.I,RecepcionistaIPS
900730,Abigail@Praesent.com,Kimberley Ellison,T.I,RecepcionistaIPS
900731,Shaeleigh@Pellentesque.us,Melinda Foreman,C.C,RecepcionistaIPS
900732,Arden@pellentesque.org,Cassidy Molina,C.C,RecepcionistaIPS
900733,Tatum@auctor.com,Jason Hendricks,C.C,RecepcionistaIPS
900734,Aidan@fames.us,Uta Buckner,C.E,RecepcionistaIPS
900735,Tatum@nibh.org,Wesley Shepard,C.C,RecepcionistaIPS
900736,Jillian@mauris.org,Orla Webb,C.E,RecepcionistaIPS
900737,Tatiana@nisi.gov,Samson Winters,C.C,RecepcionistaIPS
900738,Ray@nascetur.edu,Oprah Doyle,T.I,RecepcionistaIPS
900739,David@suscipit.gov,Gisela Barnes,C.E,RecepcionistaIPS
900740,Hyacinth@Nunc.org,Nayda Tucker,T.I,RecepcionistaIPS
900741,Nehru@nulla.com,Baxter Bowen,C.C,RecepcionistaIPS
900742,Griffin@sociis.edu,Noelani Adams,C.E,RecepcionistaIPS
900743,Ima@a.us,Violet Macdonald,T.I,RecepcionistaIPS
900744,Sopoline@Nam.org,Timothy Nolan,C.E,RecepcionistaIPS
900745,Emerald@Proin.net,Lucas Hopper,C.E,RecepcionistaIPS
900746,Clark@ut.org,Reese Taylor,C.E,RecepcionistaIPS
900747,Alec@magna.net,Wynter Harding,T.I,RecepcionistaIPS
900748,Lani@Lorem.com,Keith Huff,T.I,RecepcionistaIPS
900749,Janna@suscipit.net,Avye Willis,C.E,RecepcionistaIPS
900750,Ahmed@consequat.com,Grady Mullins,T.I,RecepcionistaIPS
900751,Martena@ullamcorper.org,Eric Kennedy,C.C,RecepcionistaIPS
900752,Hasad@magnis.gov,Wyatt Glass,C.C,RecepcionistaIPS
900753,Asher@suscipit.com,Vanna Fernandez,C.E,RecepcionistaIPS
900754,Nola@mattis.com,Linus Middleton,T.I,RecepcionistaIPS
900755,Evan@eu.net,Kellie Hutchinson,T.I,RecepcionistaIPS
900756,Demetrius@aliquet.us,Thaddeus Mcgee,C.C,RecepcionistaIPS
900757,Wing@Integer.gov,Mariko Wooten,C.E,RecepcionistaIPS
900758,Hilel@senectus.edu,Diana Sherman,T.I,RecepcionistaIPS
900759,Kareem@Nam.com,Mira Mccormick,C.C,RecepcionistaIPS
900760,Laura@interdum.net,Roary Richard,C.C,RecepcionistaIPS
900761,Ahmed@senectus.org,Kenyon Dixon,T.I,RecepcionistaIPS
900762,Ruby@venenatis.us,Peter Pollard,C.C,RecepcionistaIPS
900763,Tate@libero.edu,Damian Hayes,T.I,RecepcionistaIPS
900764,Faith@nibh.net,Jessica Ochoa,C.C,RecepcionistaIPS
900765,Levi@Ut.gov,Halla Parsons,C.C,RecepcionistaIPS
900766,Hillary@mauris.net,Gil Davidson,C.E,RecepcionistaIPS
900767,Idola@amet.us,Jordan Nichols,C.C,RecepcionistaIPS
900768,Rajah@nisi.gov,Piper Britt,C.E,RecepcionistaIPS
900769,Justin@dolor.us,Brock Sawyer,C.C,RecepcionistaIPS
900770,Jarrod@Nulla.org,Dahlia Salinas,T.I,RecepcionistaIPS
900771,Dalton@egestas.org,Rina Carlson,C.C,RecepcionistaIPS
900772,Vivian@vulputate.org,Clayton Cote,T.I,RecepcionistaIPS
900773,Willow@Praesent.us,Zahir Shelton,C.C,RecepcionistaIPS
900774,Zeus@senectus.us,Maxine Lee,C.C,RecepcionistaIPS
900775,Tanek@vehicula.com,Porter Stout,C.C,RecepcionistaIPS
900776,Beck@aptent.edu,Sylvester Little,T.I,RecepcionistaIPS
900777,Deanna@ligula.net,Deirdre Meyers,C.E,RecepcionistaIPS
900778,Lucius@augue.org,Yvette Brown,C.C,RecepcionistaIPS
900779,Risa@lacinia.org,Anastasia Brooks,C.E,RecepcionistaIPS
900780,Tyrone@Duis.net,Lewis Elliott,C.C,RecepcionistaIPS
900781,Brielle@conubia.com,Yasir Carver,C.C,RecepcionistaIPS
900782,Penelope@ridiculus.com,Kirsten Bryant,C.C,RecepcionistaIPS
900783,Quyn@magnis.gov,Hashim Byers,C.C,RecepcionistaIPS
900784,Hall@Vestibulum.edu,Dolan Sargent,C.E,RecepcionistaIPS
900785,Abdul@porta.net,Margaret Huff,T.I,RecepcionistaIPS
900786,Abraham@interdum.org,Kuame Delaney,T.I,RecepcionistaIPS
900787,Wyatt@metus.edu,Mara Caldwell,C.E,RecepcionistaIPS
900788,Kathleen@posuere.us,Salvador Morin,T.I,RecepcionistaIPS
900789,Paloma@leo.edu,Channing Valdez,T.I,RecepcionistaIPS
900790,Tanya@ad.com,Amos Le,C.C,RecepcionistaIPS
900791,Chaney@hendrerit.com,Perry Taylor,C.C,RecepcionistaIPS
900792,Haley@litora.net,Justin Gates,C.E,RecepcionistaIPS
900793,Guinevere@vel.us,Dorian Justice,C.E,RecepcionistaIPS
900794,Karly@Cras.org,Griffin Barnett,C.E,RecepcionistaIPS
900795,Wilma@massa.edu,Davis England,C.E,RecepcionistaIPS
900796,Isabella@magna.us,Scarlett Boyer,C.C,RecepcionistaIPS
900797,Samantha@primis.us,Quinlan Browning,T.I,RecepcionistaIPS
900798,Unity@Maecenas.gov,Clayton Meadows,T.I,RecepcionistaIPS
900799,Wesley@Nunc.com,Lara Ashley,C.E,RecepcionistaIPS
900800,Kay@eget.us,Stacey Dillon,C.C,RecepcionistaIPS
900801,Lance@semper.com,Arthur Burt,T.I,RecepcionistaIPS
900802,Cameron@tincidunt.us,Violet Mosley,T.I,RecepcionistaIPS
900803,Lucian@scelerisque.gov,Linda Holcomb,C.E,RecepcionistaIPS
900804,Lionel@tristique.org,Keelie Everett,T.I,RecepcionistaIPS
900805,Adrian@elit.org,Lydia Joyner,C.E,RecepcionistaIPS
900806,Dorian@ad.com,Oren Oneal,T.I,RecepcionistaIPS
900807,Patience@malesuada.org,Alea Fuentes,C.E,RecepcionistaIPS
900808,Eagan@metus.net,Mallory Alvarado,C.C,RecepcionistaIPS
900809,Geoffrey@habitant.com,Nolan Finch,T.I,RecepcionistaIPS
900810,Moana@vitae.edu,Nash Wagner,C.C,RecepcionistaIPS
900811,Brynne@ut.us,Isaac Dodson,C.E,RecepcionistaIPS
900812,Graiden@elementum.gov,Camille Blevins,C.C,RecepcionistaIPS
900813,Demetria@ut.net,Wayne Mcconnell,T.I,RecepcionistaIPS
900814,Francesca@placerat.edu,Raven Burt,C.E,RecepcionistaIPS
900815,Cailin@taciti.gov,Davis Mccray,C.C,RecepcionistaIPS
900816,Aretha@Nullam.gov,Debra Murray,T.I,RecepcionistaIPS
900817,Walker@massa.net,Knox Mcclain,C.C,RecepcionistaIPS
900818,James@vel.org,Henry Douglas,C.C,RecepcionistaIPS
900819,Carl@Nulla.us,Meghan Cleveland,C.C,RecepcionistaIPS
900820,Emerald@augue.net,Amaya Maldonado,C.C,RecepcionistaIPS
900821,Chester@ad.net,Castor Villarreal,C.C,RecepcionistaIPS
900822,Kibo@taciti.net,Ursa Hale,C.E,RecepcionistaIPS
900823,Alfonso@non.net,Damon Mcgee,T.I,RecepcionistaIPS
900824,Hilel@Phasellus.net,Ignacia Mcmahon,C.E,RecepcionistaIPS
900825,Xenos@augue.gov,Brenden Guy,C.C,RecepcionistaIPS
900826,Emerald@vestibulum.com,Kenyon Obrien,T.I,RecepcionistaIPS
900827,Nehru@cursus.net,Knox Leonard,C.E,RecepcionistaIPS
900828,Ferris@erat.edu,Pascale Herring,C.C,RecepcionistaIPS
900829,Donovan@dolor.us,Lewis Lopez,C.C,RecepcionistaIPS
900830,Colorado@mollis.us,Jarrod Sargent,C.E,RecepcionistaIPS
900831,Alisa@velit.org,Natalie Farrell,C.E,RecepcionistaIPS
900832,Claudia@Aliquam.edu,Palmer Hines,C.E,RecepcionistaIPS
900833,Ulla@velit.net,Zephania Farmer,C.E,RecepcionistaIPS
900834,Cadman@consectetuer.net,Simone Mcconnell,T.I,RecepcionistaIPS
900835,Jerry@Morbi.org,Anne Cote,C.E,RecepcionistaIPS
900836,Aiko@et.com,Asher Wise,T.I,RecepcionistaIPS
900837,Thor@cubilia.gov,Rhona Cruz,T.I,RecepcionistaIPS
900838,Justina@dignissim.com,Evangeline Conley,C.E,RecepcionistaIPS
900839,Regan@ullamcorper.us,Isaiah Mcmillan,C.E,RecepcionistaIPS
900840,Guinevere@suscipit.org,Omar Fry,C.E,RecepcionistaIPS
900841,Lenore@ac.gov,Moses Leblanc,C.C,RecepcionistaIPS
900842,Gretchen@fringilla.com,Lyle Hodges,T.I,RecepcionistaIPS
900843,Garth@vel.edu,Keefe Sanders,C.C,RecepcionistaIPS
900844,Althea@sem.us,Zoe Kirkland,T.I,RecepcionistaIPS
900845,Jennifer@lacinia.us,Hilda Barlow,T.I,RecepcionistaIPS
900846,Holly@placerat.org,Macon Hahn,T.I,RecepcionistaIPS
900847,Isabella@aliquet.edu,Lucius Beasley,C.E,RecepcionistaIPS
900848,Unity@ante.gov,Gwendolyn May,C.C,RecepcionistaIPS
900849,Melyssa@imperdiet.us,Rhiannon Leonard,T.I,RecepcionistaIPS
900850,Quin@ridiculus.com,Macey Osborne,T.I,RecepcionistaIPS
900851,Lacota@lacinia.edu,Macaulay Wright,T.I,RecepcionistaIPS
900852,Lawrence@imperdiet.net,Simon Navarro,C.C,RecepcionistaIPS
900853,Kirestin@ligula.gov,Ian Gibson,C.E,RecepcionistaIPS
900854,Erich@suscipit.us,Clio Vincent,C.C,RecepcionistaIPS
900855,Yetta@sagittis.net,Harding Townsend,T.I,RecepcionistaIPS
900856,Kiayada@tempus.org,Jordan Castro,C.C,RecepcionistaIPS
900857,Vivian@risus.edu,Nelle Mcdaniel,T.I,RecepcionistaIPS
900858,Felix@facilisi.gov,Amery Mercer,T.I,RecepcionistaIPS
900859,Yael@congue.org,Juliet Grimes,T.I,RecepcionistaIPS
900860,Harper@eget.edu,Leroy Le,C.C,RecepcionistaIPS
900861,Adrian@ridiculus.gov,Dawn Rodriquez,C.E,RecepcionistaIPS
900862,Ulla@Maecenas.net,Alexa Hawkins,C.E,RecepcionistaIPS
900863,Cecilia@vel.net,Anika Hamilton,C.E,RecepcionistaIPS
900864,Tashya@natoque.com,Imogene Jones,C.C,RecepcionistaIPS
900865,Inez@risus.us,Venus Mercado,C.E,RecepcionistaIPS
900866,Gemma@eleifend.com,Eugenia Chase,C.E,RecepcionistaIPS
900867,Irene@fames.edu,Sebastian Vazquez,C.E,RecepcionistaIPS
900868,Noel@consectetuer.edu,Amaya Peck,C.E,RecepcionistaIPS
900869,Nyssa@tincidunt.us,Daryl Jefferson,C.E,RecepcionistaIPS
900870,Emerald@dui.gov,Iona Gill,C.C,RecepcionistaIPS
900871,Ayanna@vitae.gov,Aiko Schwartz,C.C,RecepcionistaIPS
900872,Emily@hendrerit.org,Ryder Avila,C.E,RecepcionistaIPS
900873,Phelan@nibh.edu,Dean Carey,C.C,RecepcionistaIPS
900874,Griffith@nunc.net,Conan Ross,T.I,RecepcionistaIPS
900875,Kimberley@nostra.com,Steven Lucas,T.I,RecepcionistaIPS
900876,Mollie@semper.us,Lewis Kemp,T.I,RecepcionistaIPS
900877,Aidan@vulputate.gov,Hector Santiago,T.I,RecepcionistaIPS
900878,Uriel@elit.com,Nathan Hart,C.E,RecepcionistaIPS
900879,Desiree@sagittis.us,Sylvester Hardin,C.E,RecepcionistaIPS
900880,Mechelle@inceptos.us,Wallace Hale,T.I,RecepcionistaIPS
900881,Rebekah@feugiat.gov,Leilani Stephenson,T.I,RecepcionistaIPS
900882,Akeem@Fusce.us,Kitra Buck,T.I,RecepcionistaIPS
900883,Wesley@orci.edu,Jonas Whitney,C.E,RecepcionistaIPS
900884,Randall@nibh.net,Baxter Rasmussen,T.I,RecepcionistaIPS
900885,Uta@arcu.us,Lysandra Britt,C.E,RecepcionistaIPS
900886,Jessamine@Curabitur.net,Russell Levy,C.E,RecepcionistaIPS
900887,Arthur@ut.gov,Troy Ferrell,T.I,RecepcionistaIPS
900888,Bree@scelerisque.net,Kirestin Lloyd,C.E,RecepcionistaIPS
900889,Jenette@ut.gov,Mufutau Mueller,T.I,RecepcionistaIPS
900890,Lana@congue.org,Noel Kramer,C.C,RecepcionistaIPS
900891,Freya@tortor.gov,Barry Patton,C.C,RecepcionistaIPS
900892,Hedley@Lorem.com,Alisa Gould,T.I,RecepcionistaIPS
900893,Idola@ut.com,Buckminster Mcclure,C.E,RecepcionistaIPS
900894,Roanna@nibh.net,Brittany Caldwell,C.C,RecepcionistaIPS
900895,Colin@per.com,Karleigh Estrada,C.E,RecepcionistaIPS
900896,Cynthia@litora.org,Lev Stafford,C.E,RecepcionistaIPS
900897,Laura@Cum.com,Branden Monroe,T.I,RecepcionistaIPS
900898,Maile@conubia.org,Bree Hardy,C.E,RecepcionistaIPS
900899,Vernon@Vestibulum.edu,Gemma Bright,C.C,RecepcionistaIPS
900900,Scott@sed.net,Elvis Rojas,C.E,RecepcionistaIPS
900901,Kato@Duis.us,Samson Blackwell,C.C,RecepcionistaIPS
900902,Noelani@placerat.org,Lane Blevins,C.C,RecepcionistaIPS
900903,McKenzie@malesuada.us,Wyoming Carter,C.E,RecepcionistaIPS
900904,Abdul@porttitor.org,Whoopi Greer,T.I,RecepcionistaIPS
900905,James@sagittis.gov,Phyllis Baldwin,C.C,RecepcionistaIPS
900906,Victoria@feugiat.gov,Raven Johnson,C.C,RecepcionistaIPS
900907,Dennis@nibh.edu,Scarlet Gould,T.I,RecepcionistaIPS
900908,Andrew@nibh.net,Walter Merritt,C.C,RecepcionistaIPS
900909,Zeus@pellentesque.org,Jillian Johnson,C.E,RecepcionistaIPS
900910,Tanya@Phasellus.gov,Kelsey Santiago,C.E,RecepcionistaIPS
900911,Perry@diam.net,Neil Nash,T.I,RecepcionistaIPS
900912,Idona@facilisi.gov,Brandon Munoz,C.C,RecepcionistaIPS
900913,Fritz@in.edu,Megan Glass,T.I,RecepcionistaIPS
900914,Christine@egestas.gov,Elijah Tucker,C.E,RecepcionistaIPS
900915,Brandon@dignissim.com,Veda Wilder,T.I,RecepcionistaIPS
900916,Lacey@fames.gov,Xenos Coleman,T.I,RecepcionistaIPS
900917,Nichole@viverra.com,Demetria Rasmussen,C.C,RecepcionistaIPS
900918,Coby@bibendum.org,Ora Rogers,T.I,RecepcionistaIPS
900919,Plato@sed.edu,Rebekah Gould,C.E,RecepcionistaIPS
900920,Mufutau@ultricies.com,Noble Morton,T.I,RecepcionistaIPS
900921,Austin@neque.net,Eugenia Huffman,C.E,RecepcionistaIPS
900922,Hadassah@nonummy.com,Clare Glover,C.E,RecepcionistaIPS
900923,Kibo@fames.gov,Dara Fletcher,C.E,RecepcionistaIPS
900924,Emily@pharetra.edu,Hayfa Frank,C.E,RecepcionistaIPS
900925,Nissim@nunc.edu,Ignatius Dillard,C.C,RecepcionistaIPS
900926,Elliott@hendrerit.gov,Lawrence Acevedo,T.I,RecepcionistaIPS
900927,Gray@mollis.net,Dahlia Le,C.C,RecepcionistaIPS
900928,Hanae@sociis.gov,Aimee Hendricks,C.C,RecepcionistaIPS
900929,Jin@pretium.net,Justin Rodriguez,T.I,RecepcionistaIPS
900930,Idola@enim.edu,Perry Huff,C.E,RecepcionistaIPS
900931,Jaime@commodo.org,Beau Spencer,T.I,RecepcionistaIPS
900932,Kimberly@dictum.org,Simone Miles,C.E,RecepcionistaIPS
900933,Branden@massa.org,Ryan Sparks,C.C,RecepcionistaIPS
900934,Abel@fermentum.us,Kibo Harvey,T.I,RecepcionistaIPS
900935,Clayton@orci.gov,Charissa Montoya,T.I,RecepcionistaIPS
900936,Cooper@laoreet.org,Eric Pruitt,C.C,RecepcionistaIPS
900937,Brynne@nec.net,Angelica Jones,C.E,RecepcionistaIPS
900938,Virginia@parturient.edu,Irene English,C.C,RecepcionistaIPS
900939,Jordan@Nunc.edu,Brady Gross,T.I,RecepcionistaIPS
900940,Lesley@urna.net,Regan Jackson,C.E,RecepcionistaIPS
900941,Farrah@Class.us,Preston Madden,C.C,RecepcionistaIPS
900942,Regan@venenatis.org,Yen Strong,C.E,RecepcionistaIPS
900943,Leigh@dignissim.us,Tobias Walsh,T.I,RecepcionistaIPS
900944,Devin@mus.net,Yeo Mack,C.C,RecepcionistaIPS
900945,Damon@interdum.edu,Quinn Pope,T.I,RecepcionistaIPS
900946,Kasimir@quis.edu,Kerry Reeves,C.C,RecepcionistaIPS
900947,Derek@magnis.com,Hope Guerra,T.I,RecepcionistaIPS
900948,Ulysses@morbi.us,Lucian Albert,C.E,RecepcionistaIPS
900949,Dana@at.us,Calvin Sheppard,C.E,RecepcionistaIPS
900950,Kay@habitant.org,Jelani Massey,T.I,RecepcionistaIPS
900951,Abraham@velit.edu,Tate Franklin,T.I,RecepcionistaIPS
900952,Ria@congue.net,Melanie Lindsey,T.I,RecepcionistaIPS
900953,Quinn@tellus.com,Emerald Oneil,C.C,RecepcionistaIPS
900954,Maris@varius.org,Meghan Velazquez,C.E,RecepcionistaIPS
900955,Serena@egestas.gov,Phillip Whitley,T.I,RecepcionistaIPS
900956,Aidan@primis.us,Wanda Neal,C.C,RecepcionistaIPS
900957,Audrey@dolor.gov,Dora Summers,C.E,RecepcionistaIPS
900958,Charles@nostra.gov,Edan Baker,T.I,RecepcionistaIPS
900959,Abdul@viverra.net,Cairo Sears,C.E,RecepcionistaIPS
900960,Bree@eros.net,Morgan Joyce,C.C,RecepcionistaIPS
900961,Lara@tempor.gov,Fitzgerald Jackson,C.E,RecepcionistaIPS
900962,Olga@aptent.edu,Echo Carney,T.I,RecepcionistaIPS
900963,Allistair@metus.com,Nissim Russell,T.I,RecepcionistaIPS
900964,Benjamin@condimentum.net,Germaine Goff,C.C,RecepcionistaIPS
900965,Margaret@orci.gov,Eaton Berry,C.E,RecepcionistaIPS
900966,Shad@Donec.gov,Ashton Spence,C.E,RecepcionistaIPS
900967,Fritz@ante.us,Libby Dickson,T.I,RecepcionistaIPS
900968,Cedric@sem.org,Erica Walters,T.I,RecepcionistaIPS
900969,Steven@accumsan.edu,Laura Pickett,C.C,RecepcionistaIPS
900970,Travis@rhoncus.edu,Cheyenne Potter,T.I,RecepcionistaIPS
900971,Ashton@faucibus.com,Sean Bradshaw,T.I,RecepcionistaIPS
900972,Robin@pellentesque.org,Larissa Willis,C.C,RecepcionistaIPS
900973,Mufutau@odio.us,Pascale Parsons,C.E,RecepcionistaIPS
900974,Theodore@vestibulum.org,Honorato Morse,T.I,RecepcionistaIPS
900975,Mary@sociosqu.gov,Rashad Shields,T.I,RecepcionistaIPS
900976,Inez@ac.us,Hillary Chapman,T.I,RecepcionistaIPS
900977,Meredith@ultricies.net,Tana Hart,C.E,RecepcionistaIPS
900978,Tyrone@vitae.com,Basil Hammond,C.E,RecepcionistaIPS
900979,Martin@pharetra.edu,Tucker Roberson,C.C,RecepcionistaIPS
900980,Shana@bibendum.net,Heather Mullen,T.I,RecepcionistaIPS
900981,Bruce@Phasellus.com,Channing Burton,C.E,RecepcionistaIPS
900982,Cain@leo.org,Eric Fisher,T.I,RecepcionistaIPS
900983,Echo@risus.gov,Todd Williams,C.E,RecepcionistaIPS
900984,Quentin@mollis.us,Chaim Bender,C.E,RecepcionistaIPS
900985,Sharon@magnis.gov,Ima Ramos,T.I,RecepcionistaIPS
900986,Noble@ut.org,Carissa Russell,T.I,RecepcionistaIPS
900987,Arden@Phasellus.edu,Tallulah Clements,C.E,RecepcionistaIPS
900988,Bree@feugiat.edu,Marvin Best,C.E,RecepcionistaIPS
900989,Meredith@hendrerit.net,Hanna Pope,T.I,RecepcionistaIPS
900990,Leroy@eros.org,Bert Sears,C.E,RecepcionistaIPS
900991,Eugenia@leo.gov,Xanthus Mckay,C.C,RecepcionistaIPS
900992,Hashim@eros.net,Alyssa Miranda,C.C,RecepcionistaIPS
900993,Marcia@felis.net,Mira Kidd,C.E,RecepcionistaIPS
900994,Tanek@eu.org,Mason Frank,C.E,RecepcionistaIPS
900995,Mara@bibendum.gov,Jin Mccarthy,T.I,RecepcionistaIPS
900996,Amos@laoreet.edu,Brock Beach,T.I,RecepcionistaIPS
900997,Hayes@dignissim.org,Blossom Dalton,C.C,RecepcionistaIPS
900998,Drew@eget.com,Emerson Prince,T.I,RecepcionistaIPS
900999,Igor@penatibus.edu,Jamal Lott,T.I,RecepcionistaIPS
901000,Wyatt@auctor.org,Lenore Morales,C.E,RecepcionistaIPS
901001,Idola@nisl.us,Chancellor Mays,C.E,RecepcionistaIPS
901002,Lila@consectetuer.net,Risa Jordan,C.E,RecepcionistaIPS
901003,James@venenatis.gov,Imelda Rowe,T.I,RecepcionistaIPS
901004,Walter@et.us,Alan Weaver,C.E,RecepcionistaIPS
901005,Quinn@eros.com,Gretchen Salinas,C.E,RecepcionistaIPS
901006,Berk@lobortis.edu,Jane Dickerson,T.I,RecepcionistaIPS
901007,Katelyn@quam.org,Katell Trujillo,T.I,RecepcionistaIPS
901008,Garth@nibh.gov,September Carey,C.C,RecepcionistaIPS
901009,Tyrone@Class.com,Moana Curry,T.I,RecepcionistaIPS
901010,Colleen@inceptos.org,Imelda Ratliff,T.I,RecepcionistaIPS
901011,Zenaida@nascetur.edu,Stuart Flowers,C.E,RecepcionistaIPS
901012,Flynn@congue.org,Buckminster Hogan,C.C,RecepcionistaIPS
901013,Adrian@lorem.us,Thane Lott,C.C,RecepcionistaIPS
901014,Gwendolyn@odio.org,Burke Cantrell,C.C,RecepcionistaIPS
901015,Karen@ultrices.edu,Kato Tillman,C.E,RecepcionistaIPS
901016,Hunter@parturient.edu,Brooke Snow,C.C,RecepcionistaIPS
901017,Rigel@ridiculus.gov,Maile Holt,C.C,RecepcionistaIPS
901018,Gloria@morbi.gov,Ignatius Baird,C.C,RecepcionistaIPS
901019,Scott@Aliquam.us,Cain Hahn,T.I,RecepcionistaIPS
901020,Gage@ligula.net,Keefe Jones,C.E,RecepcionistaIPS
901021,Barclay@pretium.org,Elaine Haney,C.C,RecepcionistaIPS
901022,Kennedy@dolor.gov,Hedda Burks,T.I,RecepcionistaIPS
901023,Veda@metus.gov,Brynn Rich,C.E,RecepcionistaIPS
901024,Herman@purus.us,Shelly Moore,C.E,RecepcionistaIPS
901025,Travis@imperdiet.org,Hillary Cruz,T.I,RecepcionistaIPS
901026,Brock@vehicula.gov,Mannix Tucker,T.I,RecepcionistaIPS
901027,Harriet@neque.us,Barclay Sexton,T.I,RecepcionistaIPS
901028,Stacy@non.gov,Shana Cherry,T.I,RecepcionistaIPS
901029,Kirestin@fermentum.org,Hop Sloan,T.I,RecepcionistaIPS
901030,Chaim@parturient.net,Maxwell Lowe,T.I,RecepcionistaIPS
901031,Brittany@imperdiet.gov,Patience Dunn,C.E,RecepcionistaIPS
901032,Nita@iaculis.net,Brody Dennis,T.I,RecepcionistaIPS
901033,Magee@vulputate.org,Ainsley Glenn,C.C,RecepcionistaIPS
901034,Troy@Integer.org,Alan Frank,C.E,RecepcionistaIPS
901035,Gregory@sit.edu,Clare Dunlap,C.C,RecepcionistaIPS
901036,Zia@nunc.gov,Chanda Marshall,C.C,RecepcionistaIPS
901037,John@pellentesque.org,Warren Roberson,C.E,RecepcionistaIPS
901038,September@magna.com,Ann Michael,T.I,RecepcionistaIPS
901039,Eliana@nec.us,Gareth Freeman,C.C,RecepcionistaIPS
901040,Fritz@egestas.org,Talon Ratliff,T.I,RecepcionistaIPS
901041,Orli@Mauris.edu,Martena Jennings,C.C,RecepcionistaIPS
901042,Leslie@id.com,Drake Jones,C.E,RecepcionistaIPS
901043,Zephania@torquent.us,Inga Walton,C.E,RecepcionistaIPS
901044,Mohammad@nisi.com,Neve Nelson,T.I,RecepcionistaIPS
901045,Emerson@Vivamus.gov,Benjamin Bonner,C.E,RecepcionistaIPS
901046,Honorato@amet.edu,Sean Horn,T.I,RecepcionistaIPS
901047,Benedict@magnis.edu,Daryl Humphrey,C.E,RecepcionistaIPS
901048,Isabelle@lobortis.net,Katell Diaz,C.C,RecepcionistaIPS
901049,Jordan@posuere.org,Brian Howe,C.C,RecepcionistaIPS
901050,Grace@rhoncus.gov,Yen Wood,C.E,RecepcionistaIPS
901051,Bevis@mattis.org,Carter Gardner,C.C,RecepcionistaIPS
901052,Kelsie@suscipit.gov,Adria Reynolds,T.I,RecepcionistaIPS
901053,Yoshio@fermentum.us,Brielle Marquez,C.C,RecepcionistaIPS
901054,Driscoll@felis.org,Idola Grant,T.I,RecepcionistaIPS
901055,Tana@consectetuer.gov,Raja Dunn,C.C,RecepcionistaIPS
901056,Reed@litora.net,Hanae Waters,T.I,RecepcionistaIPS
901057,Danielle@ac.us,Uriel Rodgers,T.I,RecepcionistaIPS
901058,Amery@Vivamus.gov,Theodore Palmer,T.I,RecepcionistaIPS
901059,Laurel@sem.gov,Rigel Larson,C.C,RecepcionistaIPS
901060,Lila@turpis.gov,Nyssa Gilliam,T.I,RecepcionistaIPS
901061,Francis@sit.us,Maris Mcclain,C.E,RecepcionistaIPS
901062,Dane@porttitor.com,Hammett Weber,C.C,RecepcionistaIPS
901063,Demetrius@eu.com,Lunea Odonnell,T.I,RecepcionistaIPS
901064,Ulric@nisl.edu,Quon Strickland,C.C,RecepcionistaIPS
901065,Akeem@a.edu,Xenos Ortega,T.I,RecepcionistaIPS
901066,Brett@augue.us,Reece Horne,C.E,RecepcionistaIPS
901067,Kylynn@magna.com,Minerva Duncan,C.C,RecepcionistaIPS
901068,Joseph@Duis.org,Odessa Blevins,C.E,RecepcionistaIPS
901069,Wesley@netus.net,Todd French,C.C,RecepcionistaIPS
901070,Martin@mus.net,Rafael Boyle,C.C,RecepcionistaIPS
901071,Leah@Nam.com,Bethany Evans,C.C,RecepcionistaIPS
901072,Warren@quis.gov,Hall Maldonado,C.E,RecepcionistaIPS
901073,Myra@elementum.gov,Carl Mcguire,C.C,RecepcionistaIPS
901074,Hall@elit.org,Veronica Carlson,C.C,RecepcionistaIPS
901075,Rigel@litora.edu,Ivor Stanley,T.I,RecepcionistaIPS
901076,Dustin@mollis.gov,Kermit Hoover,C.C,RecepcionistaIPS
901077,Brynne@placerat.org,Rudyard Garner,C.C,RecepcionistaIPS
901078,Amena@dolor.net,Micah Schultz,C.C,RecepcionistaIPS
901079,Nina@senectus.com,Tad Ward,C.C,RecepcionistaIPS
901080,Raja@diam.gov,Lael Weiss,C.C,RecepcionistaIPS
901081,Gareth@senectus.org,Katell Patterson,C.E,RecepcionistaIPS
901082,Reagan@aptent.com,Kaseem Blake,T.I,RecepcionistaIPS
901083,Deborah@malesuada.gov,Teegan Fields,C.C,RecepcionistaIPS
901084,Wendy@nisl.net,Levi Ross,C.E,RecepcionistaIPS
901085,Hunter@quam.gov,Tara Hood,C.C,RecepcionistaIPS
901086,Chaim@Duis.org,Martena Glover,C.E,RecepcionistaIPS
901087,Kane@elit.gov,Jerome Randolph,T.I,RecepcionistaIPS
901088,Zia@aliquam.gov,Harper Velez,C.E,RecepcionistaIPS
901089,Zeph@odio.edu,Cruz Evans,T.I,RecepcionistaIPS
901090,Teegan@Quisque.org,Ginger Mcknight,C.C,RecepcionistaIPS
901091,Lewis@viverra.com,Serena Harrell,C.C,RecepcionistaIPS
901092,Hilda@vel.edu,Remedios Gamble,C.C,RecepcionistaIPS
901093,Candace@vel.edu,Linda Parsons,C.E,RecepcionistaIPS
901094,Cade@laoreet.gov,Kaye Huffman,T.I,RecepcionistaIPS
901095,Lara@per.us,Kadeem Case,C.C,RecepcionistaIPS
901096,Justin@Duis.us,Vivian Sullivan,C.E,RecepcionistaIPS
901097,Alea@rutrum.us,Mona Mckinney,C.E,RecepcionistaIPS
901098,Jack@netus.us,Travis Hardin,C.E,RecepcionistaIPS
901099,Brenden@id.com,Beck Mathews,T.I,RecepcionistaIPS
901100,Dolan@Vestibulum.org,Charde Carr,C.C,RecepcionistaIPS
901101,Branden@Curabitur.edu,Xena Cameron,T.I,RecepcionistaIPS
901102,Nero@lorem.net,Zeus Beach,T.I,RecepcionistaIPS
901103,Brielle@lorem.us,Latifah Hardy,T.I,RecepcionistaIPS
901104,Mira@mollis.net,Jackson Greene,C.C,RecepcionistaIPS
901105,Xavier@placerat.com,Marsden Flores,T.I,RecepcionistaIPS
901106,Wade@Suspendisse.net,Nash Cabrera,T.I,RecepcionistaIPS
901107,Tatiana@magna.org,Martin Booker,T.I,RecepcionistaIPS
901108,Jael@fames.com,Hiroko Leon,C.E,RecepcionistaIPS
901109,Ivan@non.gov,Adele Valenzuela,T.I,RecepcionistaIPS
901110,Wanda@diam.com,Keiko Reed,C.C,RecepcionistaIPS
901111,George@tincidunt.net,Magee Lindsay,C.E,RecepcionistaIPS
901112,Piper@fringilla.us,Sylvia Finch,C.C,RecepcionistaIPS
901113,Nevada@tempor.com,Alice Bryan,C.E,RecepcionistaIPS
901114,Asher@ut.us,Shaine Conner,C.E,RecepcionistaIPS
901115,Orlando@inceptos.gov,Joshua Baker,T.I,RecepcionistaIPS
901116,Eaton@metus.edu,Roary Holt,C.E,RecepcionistaIPS
901117,Portia@hymenaeos.edu,Hedy Greene,C.C,RecepcionistaIPS
901118,Blake@Pellentesque.gov,Holly Levine,C.C,RecepcionistaIPS
901119,Darius@Etiam.net,Sylvia Wilson,C.E,RecepcionistaIPS
901120,Sierra@velit.edu,Dolan Lawrence,T.I,RecepcionistaIPS
901121,Sylvia@nascetur.org,Leigh Key,C.E,RecepcionistaIPS
901122,Orlando@id.org,Madaline Wilkerson,C.E,RecepcionistaIPS
901123,Malik@aptent.net,Russell Mueller,C.C,RecepcionistaIPS
901124,Rahim@Nulla.us,Shellie Mathews,C.C,RecepcionistaIPS
901125,Adrian@cursus.com,Chancellor Fischer,C.C,RecepcionistaIPS
901126,Fuller@torquent.gov,Rebecca Whitney,C.E,RecepcionistaIPS
901127,Orla@nulla.us,Kamal Juarez,T.I,RecepcionistaIPS
901128,Madonna@volutpat.us,Reece Fox,C.C,RecepcionistaIPS
901129,Hadassah@Proin.edu,Carl Bates,T.I,RecepcionistaIPS
901130,Farrah@ante.gov,Ethan Nieves,C.E,RecepcionistaIPS
901131,Aquila@auctor.org,Kevin Beck,C.E,RecepcionistaIPS
901132,Neve@consequat.gov,Drew Cotton,T.I,RecepcionistaIPS
901133,Malachi@augue.com,Ezra Boyd,C.E,RecepcionistaIPS
901134,Belle@torquent.gov,Slade Pittman,T.I,RecepcionistaIPS
901135,Duncan@quam.net,Yael Huff,C.C,RecepcionistaIPS
901136,Victor@dapibus.net,Shaine Watkins,C.E,RecepcionistaIPS
901137,Ariel@cubilia.org,Tyrone Bird,C.C,RecepcionistaIPS
901138,Cassidy@Duis.us,Mohammad Park,T.I,RecepcionistaIPS
901139,Rooney@vulputate.net,Xena Carlson,C.C,RecepcionistaIPS
901140,Dante@litora.org,Dominic Ferrell,T.I,RecepcionistaIPS
901141,Emma@dis.com,Winter Vazquez,C.C,RecepcionistaIPS
901142,Hyacinth@a.gov,Grady Love,C.E,RecepcionistaIPS
901143,Robin@parturient.org,Paul Andrews,T.I,RecepcionistaIPS
901144,Hope@interdum.net,Timothy Burgess,C.C,RecepcionistaIPS
901145,Palmer@Nam.gov,Diana Keith,C.C,RecepcionistaIPS
901146,Silas@felis.com,Lacey Russell,C.E,RecepcionistaIPS
901147,Gray@leo.org,Briar Reid,C.E,RecepcionistaIPS
901148,Chancellor@molestie.com,Cecilia Richard,C.C,RecepcionistaIPS
901149,India@tortor.com,Lysandra Dodson,C.C,RecepcionistaIPS
901150,Honorato@consectetuer.net,Tatiana Macias,C.E,RecepcionistaIPS
901151,Prescott@Ut.com,Ashton Alexander,C.E,RecepcionistaIPS
901152,Piper@tempus.org,Maia Vasquez,C.C,RecepcionistaIPS
901153,Ariana@habitant.edu,Joshua Carroll,T.I,RecepcionistaIPS
901154,Sophia@Duis.org,Barry Hyde,C.E,RecepcionistaIPS
901155,Ciaran@quis.us,Murphy Forbes,C.E,RecepcionistaIPS
901156,Wade@penatibus.us,Imogene Gallagher,C.E,RecepcionistaIPS
901157,Lysandra@ligula.org,Dillon Dominguez,T.I,RecepcionistaIPS
901158,Ruby@massa.org,Fulton Powell,C.E,RecepcionistaIPS
901159,Marcia@volutpat.org,Cora Spencer,C.E,RecepcionistaIPS
901160,Hermione@nascetur.com,Kim Bender,T.I,RecepcionistaIPS
901161,Avram@metus.com,Amanda Hamilton,C.E,RecepcionistaIPS
901162,Solomon@eu.edu,Yen Carey,T.I,RecepcionistaIPS
901163,Zenia@pulvinar.com,Connor Juarez,C.E,RecepcionistaIPS
901164,Faith@posuere.us,Nomlanga Maynard,C.C,RecepcionistaIPS
901165,Fitzgerald@sit.com,Knox Nieves,T.I,RecepcionistaIPS
901166,Victoria@ullamcorper.org,Cameron Wilder,C.C,RecepcionistaIPS
901167,Ralph@ut.us,Jena Ayers,C.E,RecepcionistaIPS
901168,Caldwell@Nam.us,Tyler Mckay,C.C,RecepcionistaIPS
901169,Pamela@magnis.org,Shaeleigh Trevino,C.C,RecepcionistaIPS
901170,Dennis@iaculis.edu,Lee Arnold,C.E,RecepcionistaIPS
901171,Haley@senectus.net,Kieran Neal,T.I,RecepcionistaIPS
901172,Garrison@neque.net,Leslie Macdonald,C.C,RecepcionistaIPS
901173,Chaney@parturient.com,Solomon Baker,C.E,RecepcionistaIPS
901174,Grant@id.edu,Leigh Osborn,C.C,RecepcionistaIPS
901175,Ezra@ac.org,Gloria Landry,T.I,RecepcionistaIPS
901176,Yeo@sed.edu,Joelle Rush,C.C,RecepcionistaIPS
901177,Shelly@nostra.gov,Quentin Hardin,T.I,RecepcionistaIPS
901178,Kylan@fringilla.gov,Chancellor Phelps,C.E,RecepcionistaIPS
901179,Graiden@non.us,Gemma Franks,C.C,RecepcionistaIPS
901180,Hamish@justo.us,Maxine Floyd,T.I,RecepcionistaIPS
901181,Eaton@molestie.gov,Stella Camacho,C.C,RecepcionistaIPS
901182,Alvin@sapien.edu,Davis Carson,C.E,RecepcionistaIPS
901183,Maile@scelerisque.org,Hall Gallegos,T.I,RecepcionistaIPS
901184,Aileen@urna.org,Kalia Graham,T.I,RecepcionistaIPS
901185,Coby@egestas.com,Portia Montgomery,C.C,RecepcionistaIPS
901186,Armand@eu.com,Merrill Burks,T.I,RecepcionistaIPS
901187,Kato@consectetuer.gov,Wylie Gilliam,T.I,RecepcionistaIPS
901188,Ezra@suscipit.us,Rigel Boone,C.C,RecepcionistaIPS
901189,Laurel@cubilia.net,Vera Rutledge,C.C,RecepcionistaIPS
901190,Leo@litora.org,Bruno Pickett,C.C,RecepcionistaIPS
901191,Rhiannon@Cras.org,Sara Waller,C.E,RecepcionistaIPS
901192,Kevin@ipsum.net,Alma Brady,C.E,RecepcionistaIPS
901193,Dale@Aenean.net,Hilel Wyatt,C.C,RecepcionistaIPS
901194,Reagan@conubia.com,Hashim Cobb,C.C,RecepcionistaIPS
901195,Fulton@sed.com,Indigo Reyes,T.I,RecepcionistaIPS
901196,Eve@Phasellus.com,Vance Vargas,T.I,RecepcionistaIPS
901197,Faith@tristique.us,Chancellor Bullock,C.C,RecepcionistaIPS
901198,Walter@condimentum.net,Rhona Carpenter,C.E,RecepcionistaIPS
901199,Clare@nunc.net,Axel Wells,C.C,RecepcionistaIPS
901200,Gwendolyn@tellus.org,Kane Rivas,T.I,RecepcionistaIPS
901201,Guy@luctus.gov,Nayda Patel,C.C,RecepcionistaIPS
901202,Serena@sodales.net,Mason Gray,C.E,RecepcionistaIPS
901203,Minerva@Fusce.us,Allegra Butler,T.I,RecepcionistaIPS
901204,Hannah@cursus.net,Jacob Diaz,C.C,RecepcionistaIPS
901205,Aladdin@interdum.net,Kenyon Garza,C.E,RecepcionistaIPS
901206,Amy@pretium.org,Lareina Hopper,C.C,RecepcionistaIPS
901207,Hashim@nisl.net,Jennifer Hays,C.C,RecepcionistaIPS
901208,Zahir@fames.com,Dawn Jimenez,C.C,RecepcionistaIPS
901209,Kuame@id.net,Jillian Wilder,C.E,RecepcionistaIPS
901210,Quyn@placerat.net,Mary Mullins,C.C,RecepcionistaIPS
901211,Venus@ornare.org,Ariel Colon,C.E,RecepcionistaIPS
901212,Orli@faucibus.edu,Ursa Leonard,T.I,RecepcionistaIPS
901213,Alec@arcu.com,Ralph Floyd,C.C,RecepcionistaIPS
901214,Amena@mollis.net,Bradley Miller,C.C,RecepcionistaIPS
901215,Vielka@arcu.gov,Ryan Johns,T.I,RecepcionistaIPS
901216,Yasir@dui.com,Emerald Knox,T.I,RecepcionistaIPS
901217,Bruno@mauris.com,Fatima Baxter,C.C,RecepcionistaIPS
901218,India@posuere.org,Jade Boone,C.E,RecepcionistaIPS
901219,Jayme@Curae.org,Sawyer Moreno,T.I,RecepcionistaIPS
901220,Slade@iaculis.us,Deborah Decker,C.E,RecepcionistaIPS
901221,Lars@libero.us,Wang Fitzpatrick,C.C,RecepcionistaIPS
901222,Bradley@ultricies.edu,Steel Gilmore,C.C,RecepcionistaIPS
901223,Iona@at.edu,Zia Mullins,T.I,RecepcionistaIPS
901224,Diana@justo.org,Tatyana Mcclure,T.I,RecepcionistaIPS
901225,Walker@purus.com,Bruce Best,C.E,RecepcionistaIPS
901226,Linus@purus.net,Brynne Bean,C.E,RecepcionistaIPS
901227,Jack@diam.com,Stacey Saunders,C.C,RecepcionistaIPS
901228,Oleg@non.edu,Willa Dickerson,T.I,RecepcionistaIPS
901229,Akeem@pulvinar.edu,Kay Beasley,C.C,RecepcionistaIPS
901230,Zelda@nisi.com,Coby Rush,T.I,RecepcionistaIPS
901231,Deacon@montes.us,Keane Oliver,C.C,RecepcionistaIPS
901232,Len@penatibus.us,Gareth Payne,C.C,RecepcionistaIPS
901233,Gisela@torquent.net,Kasimir Soto,T.I,RecepcionistaIPS
901234,Christian@lorem.us,Christopher Garza,C.C,RecepcionistaIPS
901235,Hedley@tristique.us,Sylvia Peters,T.I,RecepcionistaIPS
901236,Callie@posuere.edu,Henry Brennan,C.C,RecepcionistaIPS
901237,Kristen@nisi.edu,Yen Vinson,C.C,RecepcionistaIPS
901238,Yoshi@tellus.net,Lawrence Owen,T.I,RecepcionistaIPS
901239,Delilah@mus.edu,Mohammad Hodges,C.C,RecepcionistaIPS
901240,Carter@pellentesque.edu,Silas Pennington,C.C,RecepcionistaIPS
901241,Dawn@justo.gov,Solomon Kent,T.I,RecepcionistaIPS
901242,Yardley@dis.gov,Phoebe Durham,T.I,RecepcionistaIPS
901243,Grady@cubilia.gov,David Phillips,T.I,RecepcionistaIPS
901244,Alyssa@felis.org,Jason Montgomery,C.E,RecepcionistaIPS
901245,Amery@faucibus.edu,Avye Mendoza,C.E,RecepcionistaIPS
901246,Hadassah@malesuada.org,Cherokee Cooke,C.E,RecepcionistaIPS
901247,Ariana@interdum.us,Melvin Pugh,T.I,RecepcionistaIPS
901248,Clementine@feugiat.gov,Cameron Lancaster,C.C,RecepcionistaIPS
901249,Camden@vestibulum.edu,Jolie Schultz,C.C,RecepcionistaIPS
901250,Fulton@in.gov,Bradley Howell,T.I,RecepcionistaIPS
901251,Branden@Integer.com,Jakeem Reid,C.E,RecepcionistaIPS
901252,Sheila@purus.com,Heidi Colon,C.C,RecepcionistaIPS
901253,Portia@semper.edu,Jillian Hicks,T.I,RecepcionistaIPS
901254,Ivory@parturient.org,Kyle Cleveland,C.E,RecepcionistaIPS
901255,Olivia@Phasellus.org,Elvis Mcdowell,T.I,RecepcionistaIPS
901256,Leonard@Lorem.us,Tyler Church,C.C,RecepcionistaIPS
901257,Adara@rutrum.us,Eleanor Garner,C.E,RecepcionistaIPS
901258,Aline@id.net,Francesca Oneal,C.C,RecepcionistaIPS
901259,Dante@habitant.gov,Danielle Hall,T.I,RecepcionistaIPS
901260,David@fames.net,Jonas Craig,C.E,RecepcionistaIPS
901261,Rowan@per.org,September Salas,T.I,RecepcionistaIPS
901262,Colin@lobortis.org,Buffy Vang,C.C,RecepcionistaIPS
901263,Irma@in.edu,Isadora Harrell,T.I,RecepcionistaIPS
901264,Alma@Fusce.com,Courtney Johnston,T.I,RecepcionistaIPS
901265,Hector@nulla.gov,Lane Washington,C.C,RecepcionistaIPS
901266,Odette@adipiscing.gov,Chelsea Wiggins,C.C,RecepcionistaIPS
901267,Damon@nisl.net,Kareem Garrison,C.E,RecepcionistaIPS
901268,Rina@purus.gov,Stephen Frederick,T.I,RecepcionistaIPS
901269,Baxter@dapibus.gov,Ferris Oneal,T.I,RecepcionistaIPS
901270,Ashton@natoque.gov,Quon Harrell,T.I,RecepcionistaIPS
901271,Oliver@taciti.gov,Ethan Bowman,C.C,RecepcionistaIPS
901272,Holly@hymenaeos.gov,Keaton Hampton,C.E,RecepcionistaIPS
901273,Hamilton@lorem.net,Nissim Mckenzie,C.C,RecepcionistaIPS
901274,Vance@varius.org,Jakeem Roach,C.C,RecepcionistaIPS
901275,Blake@mollis.gov,Jane Clemons,C.C,RecepcionistaIPS
901276,Martin@in.net,Ava Kinney,C.C,RecepcionistaIPS
901277,Herman@ante.edu,Kay May,T.I,RecepcionistaIPS
901278,Demetrius@fringilla.edu,Burton Mays,T.I,RecepcionistaIPS
901279,Caleb@suscipit.edu,Inez Larsen,C.E,RecepcionistaIPS
901280,Upton@auctor.gov,George Page,T.I,RecepcionistaIPS
901281,Kieran@montes.com,Thomas Anderson,C.C,RecepcionistaIPS
901282,Chaim@adipiscing.us,Hanna Gibson,C.C,RecepcionistaIPS
901283,Brooke@per.edu,Kirsten Reed,T.I,RecepcionistaIPS
901284,Geoffrey@faucibus.gov,Zenia Gilmore,T.I,RecepcionistaIPS
901285,Kenyon@magnis.net,Josiah Allen,T.I,RecepcionistaIPS
901286,Ivor@hymenaeos.gov,Mariam Santos,C.E,RecepcionistaIPS
901287,Quail@accumsan.org,Deirdre Forbes,C.C,RecepcionistaIPS
901288,Indira@ornare.net,Jonah Shannon,T.I,RecepcionistaIPS
901289,Ocean@dignissim.net,Cadman Branch,C.C,RecepcionistaIPS
901290,Dorothy@elementum.com,Aladdin Russo,T.I,RecepcionistaIPS
901291,Ryder@sociis.com,Gage Bennett,C.C,RecepcionistaIPS
901292,Eagan@fermentum.us,Honorato Cannon,C.C,RecepcionistaIPS
901293,Joelle@Morbi.net,Regina Garner,T.I,RecepcionistaIPS
901294,Myra@litora.org,Talon Santana,C.E,RecepcionistaIPS
901295,April@per.net,Melyssa Stephenson,T.I,RecepcionistaIPS
901296,Talon@elit.edu,Joel Espinoza,T.I,RecepcionistaIPS
901297,Cailin@dui.net,Beau Summers,T.I,RecepcionistaIPS
901298,Selma@ultricies.net,Maisie Watts,C.C,RecepcionistaIPS
901299,Harlan@ultrices.gov,Hyacinth Charles,C.C,RecepcionistaIPS
901300,Dexter@lacinia.us,Rajah Dorsey,C.E,RecepcionistaIPS
901301,Mikayla@cursus.gov,Noble Noel,C.E,RecepcionistaIPS
901302,Sarah@ac.net,Xyla Bush,C.C,RecepcionistaIPS
901303,Kylie@tellus.org,Clio Livingston,T.I,RecepcionistaIPS
901304,Uriel@senectus.com,Shay Morris,C.C,RecepcionistaIPS
901305,Octavius@inceptos.net,Galvin Blankenship,C.E,RecepcionistaIPS
901306,Alyssa@libero.com,Finn Mcbride,T.I,RecepcionistaIPS
901307,Len@Fusce.net,Eagan Murray,T.I,RecepcionistaIPS
901308,Magee@auctor.us,Anthony Hopper,T.I,RecepcionistaIPS
901309,Ignacia@sociis.edu,Abel Pickett,C.C,RecepcionistaIPS
901310,Chadwick@Donec.gov,Tashya Kinney,C.C,RecepcionistaIPS
901311,Jared@feugiat.net,Honorato Small,C.E,RecepcionistaIPS
901312,Marvin@augue.gov,Tamara Pierce,T.I,RecepcionistaIPS
901313,Maggy@lectus.org,Gillian Guy,T.I,RecepcionistaIPS
901314,Colette@hendrerit.gov,Ronan Harrington,T.I,RecepcionistaIPS
901315,Stone@magnis.com,Theodore Ratliff,C.C,RecepcionistaIPS
901316,Shea@ligula.edu,Britanni Haley,T.I,RecepcionistaIPS
901317,Forrest@sapien.org,Cedric Middleton,T.I,RecepcionistaIPS
901318,Reese@magnis.edu,Jemima Riley,C.C,RecepcionistaIPS
901319,Merrill@orci.net,Lance Saunders,C.E,RecepcionistaIPS
901320,Bradley@penatibus.net,Haley Gutierrez,C.E,RecepcionistaIPS
901321,Yardley@scelerisque.org,Florence Munoz,C.C,RecepcionistaIPS
901322,Castor@Mauris.edu,Olivia Hale,C.E,RecepcionistaIPS
901323,Griffith@velit.net,Callum Jacobson,T.I,RecepcionistaIPS
901324,Maxine@Cum.gov,Geoffrey Payne,T.I,RecepcionistaIPS
901325,Tad@mauris.gov,Geoffrey Garrison,C.C,RecepcionistaIPS
901326,Gloria@mollis.org,Hilary Guthrie,C.C,RecepcionistaIPS
901327,Arden@Integer.com,Maggie Vance,C.C,RecepcionistaIPS
901328,Yen@per.com,Curran Stuart,T.I,RecepcionistaIPS
901329,Xyla@inceptos.us,Eagan James,C.C,RecepcionistaIPS
901330,Carolyn@lacinia.edu,Wade Contreras,C.E,RecepcionistaIPS
901331,Rebecca@vehicula.org,Alana Decker,T.I,RecepcionistaIPS
901332,Karly@posuere.gov,Bertha Barlow,T.I,RecepcionistaIPS
901333,Oprah@ridiculus.us,Coby Erickson,T.I,RecepcionistaIPS
901334,Knox@ligula.gov,Deirdre Aguirre,C.C,RecepcionistaIPS
901335,Deirdre@orci.org,Kirestin Leblanc,C.C,RecepcionistaIPS
901336,Robert@mi.edu,Hamilton Gaines,T.I,RecepcionistaIPS
901337,Illana@senectus.org,Steel Hodges,C.C,RecepcionistaIPS
901338,Cade@penatibus.com,Portia Byers,T.I,RecepcionistaIPS
901339,Karina@sodales.gov,Suki Duffy,T.I,RecepcionistaIPS
901340,Montana@Nunc.us,Hall Cole,T.I,RecepcionistaIPS
901341,Nyssa@Vivamus.com,Murphy Munoz,T.I,RecepcionistaIPS
901342,Isaac@nulla.com,Porter Best,T.I,RecepcionistaIPS
901343,Timothy@facilisis.gov,Harrison Richardson,C.C,RecepcionistaIPS
901344,Wyatt@risus.org,Vivien Booth,C.C,RecepcionistaIPS
901345,Aladdin@Curae.org,Kennedy Cantrell,C.E,RecepcionistaIPS
901346,Madeson@eros.us,Ariana Talley,C.E,RecepcionistaIPS
901347,Hadley@diam.net,Edan Petty,T.I,RecepcionistaIPS
901348,Shannon@placerat.gov,Scott Miller,C.C,RecepcionistaIPS
901349,Shea@nec.org,Rachel Blankenship,T.I,RecepcionistaIPS
901350,Moses@arcu.com,Jillian Beck,T.I,RecepcionistaIPS
901351,Malcolm@neque.us,Boris Petersen,C.C,RecepcionistaIPS
901352,Keaton@nisi.org,Ryder Taylor,T.I,RecepcionistaIPS
901353,Callum@eu.org,Ivan Witt,C.E,RecepcionistaIPS
901354,Rahim@libero.net,Gareth Dudley,C.E,RecepcionistaIPS
901355,Warren@vehicula.gov,Brian Camacho,C.E,RecepcionistaIPS
901356,Daryl@orci.edu,Moses Lyons,C.E,RecepcionistaIPS
901357,Gemma@sem.us,Lewis Todd,T.I,RecepcionistaIPS
901358,Noelani@orci.com,Sade Barron,T.I,RecepcionistaIPS
901359,Rafael@mi.edu,Jasmine Burt,C.E,RecepcionistaIPS
901360,Aline@risus.com,Kelly Hayes,T.I,RecepcionistaIPS
901361,Heather@Cras.org,Oscar Sanford,T.I,RecepcionistaIPS
901362,Latifah@Maecenas.us,Maxwell Delgado,C.E,RecepcionistaIPS
901363,Ray@laoreet.us,Emmanuel Mcleod,C.E,RecepcionistaIPS
901364,Julie@convallis.net,Rhea Pacheco,T.I,RecepcionistaIPS
901365,Whoopi@turpis.us,Cherokee Valencia,T.I,RecepcionistaIPS
901366,Abigail@quis.net,John Hahn,T.I,RecepcionistaIPS
901367,Shannon@lacus.gov,Aline Ayala,C.C,RecepcionistaIPS
901368,Tate@vel.gov,Bianca Vincent,C.C,RecepcionistaIPS
901369,Robin@pellentesque.gov,Clare Galloway,T.I,RecepcionistaIPS
901370,Odysseus@euismod.net,Wynter Franks,C.E,RecepcionistaIPS
901371,Lane@urna.net,Dorothy Torres,C.C,RecepcionistaIPS
901372,Elton@dapibus.org,Cade Macdonald,C.E,RecepcionistaIPS
901373,Bianca@venenatis.org,Keane Bryan,T.I,RecepcionistaIPS
901374,Phelan@id.edu,Jakeem Guthrie,C.C,RecepcionistaIPS
901375,Indira@eros.edu,Kenneth Dillard,T.I,RecepcionistaIPS
901376,Lucian@Proin.edu,Lenore Bush,C.C,RecepcionistaIPS
901377,Shannon@scelerisque.com,Barbara Bird,T.I,RecepcionistaIPS
901378,Linda@euismod.edu,Griffin Neal,T.I,RecepcionistaIPS
901379,Jamalia@aptent.gov,Alexis Richard,C.E,RecepcionistaIPS
901380,Dane@placerat.gov,Burton Gilbert,C.E,RecepcionistaIPS
901381,Rana@iaculis.gov,Tatiana Blankenship,T.I,RecepcionistaIPS
901382,Finn@Mauris.org,Dawn Stanton,T.I,RecepcionistaIPS
901383,Brian@varius.net,Lareina Wheeler,C.C,RecepcionistaIPS
901384,Salvador@Etiam.com,Ferris Cameron,C.E,RecepcionistaIPS
901385,Lilah@id.edu,Ulysses Cash,C.E,RecepcionistaIPS
901386,Anjolie@ac.com,Justine Ochoa,C.C,RecepcionistaIPS
901387,Lynn@vehicula.net,Justin Rich,T.I,RecepcionistaIPS
901388,Christopher@dignissim.us,Xantha Head,C.E,RecepcionistaIPS
901389,Brennan@lectus.us,Nola Farrell,C.E,RecepcionistaIPS
901390,Winifred@Lorem.us,Velma Dillon,T.I,RecepcionistaIPS
901391,Josephine@habitant.org,Tad Randolph,T.I,RecepcionistaIPS
901392,Simone@magna.org,Harper Randolph,C.C,RecepcionistaIPS
901393,Igor@penatibus.us,Chava Johnson,T.I,RecepcionistaIPS
901394,Serena@congue.us,William Wheeler,C.E,RecepcionistaIPS
901395,Raja@metus.net,Hedy Schmidt,T.I,RecepcionistaIPS
901396,Kareem@feugiat.net,Levi Bryant,C.E,RecepcionistaIPS
901397,Sydnee@dictum.org,Whilemina Coleman,C.E,RecepcionistaIPS
901398,Sierra@molestie.edu,Harding Reed,C.E,RecepcionistaIPS
901399,Nyssa@Suspendisse.gov,Julian David,T.I,RecepcionistaIPS
901400,Amela@Ut.org,Teegan Rogers,C.C,RecepcionistaIPS
901401,Aquila@accumsan.edu,Holly Lara,T.I,RecepcionistaIPS
901402,Francesca@pharetra.org,Matthew Vaughan,C.C,RecepcionistaIPS
901403,Wynne@pharetra.net,Aquila Calhoun,C.C,RecepcionistaIPS
901404,Xanthus@ut.org,Hiram Garcia,C.C,RecepcionistaIPS
901405,Erich@ultrices.edu,Hakeem Callahan,C.C,RecepcionistaIPS
901406,Christine@suscipit.gov,Nasim Alvarado,C.E,RecepcionistaIPS
901407,Clarke@mattis.edu,Tyrone Hays,C.E,RecepcionistaIPS
901408,Knox@facilisis.edu,Hilel Flynn,T.I,RecepcionistaIPS
901409,Rylee@Vivamus.us,Evangeline Montoya,C.C,RecepcionistaIPS
901410,Alec@Mauris.gov,Xandra Vaughn,T.I,RecepcionistaIPS
901411,Gabriel@pulvinar.us,Michael Flynn,T.I,RecepcionistaIPS
901412,Lane@Fusce.com,Teagan Brooks,C.C,RecepcionistaIPS
901413,David@elementum.org,Cairo Gaines,C.C,RecepcionistaIPS
901414,Imogene@ornare.com,Stacy Henson,C.C,RecepcionistaIPS
901415,Kenneth@venenatis.us,Francis Schneider,C.C,RecepcionistaIPS
901416,Nelle@molestie.com,Lacey Patel,C.E,RecepcionistaIPS
901417,Orli@id.com,Naida Savage,C.E,RecepcionistaIPS
901418,Justina@convallis.net,Piper Eaton,C.E,RecepcionistaIPS
901419,Carly@per.us,Adam Alvarado,T.I,RecepcionistaIPS
901420,Mason@risus.org,Barry Cunningham,C.E,RecepcionistaIPS
901421,Gloria@tristique.org,Jolene Monroe,C.E,RecepcionistaIPS
901422,Wade@a.org,Adam Mccullough,C.C,RecepcionistaIPS
901423,Yuri@lectus.gov,Benedict Hale,C.E,RecepcionistaIPS
901424,Valentine@in.com,Kaitlin Mendoza,C.E,RecepcionistaIPS
901425,Marcia@auctor.edu,Inez Underwood,T.I,RecepcionistaIPS
901426,Mark@eu.com,Cedric Rosales,C.E,RecepcionistaIPS
901427,Brenda@Praesent.org,Cruz Mcdaniel,C.C,RecepcionistaIPS
901428,Bradley@rhoncus.us,Octavius William,C.C,RecepcionistaIPS
901429,Hamish@inceptos.gov,Burton Puckett,T.I,RecepcionistaIPS
901430,Blaze@Nullam.net,Timon Ramsey,C.C,RecepcionistaIPS
901431,Jack@feugiat.org,Leo Snow,T.I,RecepcionistaIPS
901432,Ella@et.org,Reese Chapman,T.I,RecepcionistaIPS
901433,Patrick@mollis.net,Reese Griffith,T.I,RecepcionistaIPS
901434,Quyn@torquent.us,Zena Baldwin,T.I,RecepcionistaIPS
901435,Amos@vitae.com,Olivia Clayton,T.I,RecepcionistaIPS
901436,Yvonne@Donec.us,Kuame Mcdaniel,C.C,RecepcionistaIPS
901437,Whilemina@enim.com,Kenneth Burnett,C.E,RecepcionistaIPS
901438,Shellie@Curabitur.us,Eve Bradley,C.E,RecepcionistaIPS
901439,Aiko@fames.gov,Adele Donaldson,C.C,RecepcionistaIPS
901440,Eric@sodales.org,Savannah Tillman,C.E,RecepcionistaIPS
901441,Ralph@suscipit.com,Phyllis Grimes,T.I,RecepcionistaIPS
901442,Ferris@libero.net,Jaden Parrish,C.E,RecepcionistaIPS
901443,Wynter@sit.net,Irene Chaney,C.C,RecepcionistaIPS
901444,Sharon@volutpat.org,Talon Fox,T.I,RecepcionistaIPS
901445,Elizabeth@ornare.us,Basia Bennett,C.C,RecepcionistaIPS
901446,Fleur@Cras.net,Uriah Savage,C.E,RecepcionistaIPS
901447,Ezekiel@risus.org,Abel Velez,C.E,RecepcionistaIPS
901448,Hilda@fames.org,Alexa Burnett,T.I,RecepcionistaIPS
901449,Maryam@neque.gov,Vaughan Sykes,C.C,RecepcionistaIPS
901450,Zachary@Suspendisse.us,Caleb Leon,C.C,RecepcionistaIPS
901451,Fletcher@velit.org,Yolanda Morse,C.E,RecepcionistaIPS
901452,Keane@lobortis.edu,Macon Wall,C.C,RecepcionistaIPS
901453,Chaney@aliquam.us,Rudyard French,C.C,RecepcionistaIPS
901454,Carlos@rutrum.gov,Colby Mcleod,T.I,RecepcionistaIPS
901455,Sonya@eu.edu,Kirby Pruitt,T.I,RecepcionistaIPS
901456,Allegra@Maecenas.gov,Adele Norman,C.C,RecepcionistaIPS
901457,Hollee@Curabitur.com,Daquan Morin,C.C,RecepcionistaIPS
901458,Iliana@interdum.us,Alea Hogan,C.C,RecepcionistaIPS
901459,Oscar@Mauris.us,Vincent Mosley,T.I,RecepcionistaIPS
901460,Drake@egestas.gov,Rafael Ryan,C.C,RecepcionistaIPS
901461,Barry@amet.com,Yael Wynn,T.I,RecepcionistaIPS
901462,Richard@Sed.net,Kato Beach,T.I,RecepcionistaIPS
901463,Cullen@tempor.gov,Giacomo Graves,C.C,RecepcionistaIPS
901464,Brady@sit.gov,Finn Flynn,T.I,RecepcionistaIPS
901465,Lael@mi.gov,Alec Cabrera,C.E,RecepcionistaIPS
901466,Cherokee@Nunc.gov,Diana Gilliam,T.I,RecepcionistaIPS
901467,Hanae@volutpat.edu,Beverly Irwin,T.I,RecepcionistaIPS
901468,Athena@adipiscing.com,Autumn Christian,C.C,RecepcionistaIPS
901469,Lars@hendrerit.us,Zoe Kinney,C.C,RecepcionistaIPS
901470,Julie@magnis.com,Shelly Ortiz,T.I,RecepcionistaIPS
901471,Jorden@dui.us,Ann Craft,T.I,RecepcionistaIPS
901472,Maxine@aptent.edu,Cathleen Mann,C.E,RecepcionistaIPS
901473,Sarah@netus.net,Abraham Lloyd,C.C,RecepcionistaIPS
901474,Troy@pretium.gov,Sydney Mcconnell,C.C,RecepcionistaIPS
901475,Alvin@Class.edu,Brenda Mcgee,T.I,RecepcionistaIPS
901476,Illana@tempus.net,Tyler Buckley,T.I,RecepcionistaIPS
901477,Marshall@mi.net,Otto Wyatt,C.C,RecepcionistaIPS
901478,Clayton@ad.gov,Lila Beard,T.I,RecepcionistaIPS
901479,Lyle@litora.org,Justin Mcpherson,C.C,RecepcionistaIPS
901480,Aline@quam.net,Maxwell Kline,C.E,RecepcionistaIPS
901481,Chase@primis.gov,Gabriel Hammond,C.C,RecepcionistaIPS
901482,John@purus.com,Xaviera Raymond,C.C,RecepcionistaIPS
901483,Rinah@fermentum.net,Nora Wilcox,T.I,RecepcionistaIPS
901484,Dennis@imperdiet.us,Colette Sexton,C.E,RecepcionistaIPS
901485,Evan@Aliquam.gov,Ivory Lancaster,C.E,RecepcionistaIPS
901486,Ifeoma@Curabitur.com,Alexa Henderson,T.I,RecepcionistaIPS
901487,Stuart@laoreet.com,Scarlet Bowen,C.C,RecepcionistaIPS
901488,Solomon@sapien.edu,Brennan Molina,C.E,RecepcionistaIPS
901489,Callie@Nullam.gov,Cailin Rosales,T.I,RecepcionistaIPS
901490,Luke@Pellentesque.gov,Chaim Mcintosh,T.I,RecepcionistaIPS
901491,Penelope@scelerisque.org,Chiquita Goodman,C.E,RecepcionistaIPS
901492,Walter@cubilia.com,Gretchen Washington,C.E,RecepcionistaIPS
901493,Fitzgerald@elit.gov,Cathleen Levine,C.E,RecepcionistaIPS
901494,Zoe@Nunc.com,Michelle Justice,C.C,RecepcionistaIPS
901495,Samantha@dis.us,Sacha Taylor,C.E,RecepcionistaIPS
901496,Stacy@tristique.org,Rhea Reeves,T.I,RecepcionistaIPS
901497,Amber@vitae.com,Ivana Oconnor,C.E,RecepcionistaIPS
901498,Marcia@porttitor.org,Haviva Sharpe,C.E,RecepcionistaIPS
901499,Kadeem@erat.gov,Kessie Fernandez,C.C,RecepcionistaIPS
